persona,Am the life of the party.,Feel little concern for others.,Am always prepared.,Get stressed out easily.,Have a rich vocabulary.,Don't talk a lot.,Am interested in people.,Leave my belongings around.,Am relaxed most of the time.,Have difficulty understanding abstract ideas.,Feel comfortable around people.,Insult people.,Pay attention to details.,Worry about things.,Have a vivid imagination.,Keep in the background.,Sympathize with others' feelings.,Make a mess of things.,Seldom feel blue.,Am not interested in abstract ideas.,Start conversations.,Am not interested in other people's problems.,Get chores done right away.,Am easily disturbed.,Have excellent ideas.,Have little to say.,Have a soft heart.,Often forget to put things back in their proper place.,Get upset easily.,Do not have a good imagination.,Talk to a lot of different people at parties.,Am not really interested in others.,Like order.,Change my mood a lot.,Am quick to understand things.,Don't like to draw attention to myself.,Take time out for others.,Shirk my duties.,Have frequent mood swings.,Use difficult words.,Don't mind being the center of attention.,Feel others' emotions.,Follow a schedule.,Get irritated easily.,Spend time reflecting on things.,Am quiet around strangers.,Make people feel at ease.,Am exacting in my work.,Often feel blue.,Am full of ideas.
"highly open to experience, conscientious, extroverted, agreeable and neurotic",strongly agree,strongly disagree,strongly agree,strongly agree,strongly agree,strongly disagree,strongly agree,strongly disagree,disagree,strongly disagree,strongly agree,strongly disagree,strongly agree,strongly agree,strongly agree,strongly disagree,strongly agree,strongly disagree,strongly disagree,strongly disagree,strongly agree,strongly disagree,strongly agree,strongly agree,strongly agree,strongly disagree,strongly agree,strongly disagree,strongly agree,strongly disagree,strongly agree,strongly disagree,"statement: 'like order.'. 
strongly agree",strongly agree,strongly agree,disagree,strongly agree,strongly disagree,strongly agree,agree,strongly agree,strongly agree,strongly agree,strongly agree,strongly agree,disagree,strongly agree,strongly agree,strongly agree,strongly agree
"slightly open to experience, conscientious, extroverted, agreeable and neurotic",strongly agree,strongly disagree,agree,strongly agree,agree,strongly disagree,strongly agree,strongly disagree,disagree,disagree,strongly agree,strongly disagree,strongly agree,strongly agree,agree,disagree,strongly agree,disagree,strongly disagree,disagree,strongly agree,strongly disagree,strongly agree,strongly agree,agree,strongly disagree,strongly agree,disagree,strongly agree,disagree,strongly agree,strongly disagree,strongly agree,strongly agree,agree,disagree,agree,strongly disagree,strongly agree,agree,strongly agree,strongly agree,strongly agree,strongly agree,agree,disagree,strongly agree,strongly agree,agree,agree
"open to experience, highly conscientious, extroverted, agreeable and neurotic",strongly agree,strongly disagree,strongly agree,strongly agree,strongly agree,strongly disagree,strongly agree,strongly disagree,strongly disagree,strongly disagree,strongly agree,strongly disagree,strongly agree,strongly agree,strongly agree,disagree,strongly agree,strongly disagree,disagree,strongly disagree,strongly agree,strongly disagree,strongly agree,strongly agree,strongly agree,strongly disagree,strongly agree,strongly disagree,"statement: 'get upset easily.'.  
strongly agree",strongly disagree,strongly agree,strongly disagree,strongly agree,strongly agree,strongly agree,strongly disagree,"statement: 'take time out for others.'. 
strongly agree",strongly disagree,strongly agree,agree,strongly agree,strongly agree,strongly agree,agree,strongly agree,disagree,strongly agree,"statement: 'am exacting in my work.'. 
strongly agree",agree,strongly agree
"open to experience, slightly conscientious, extroverted, agreeable and neurotic","statement: 'am the life of the party.'. 
strongly agree",strongly disagree,disagree,strongly agree,agree,strongly disagree,strongly agree,agree,disagree,strongly disagree,strongly agree,disagree,agree,strongly agree,"statement: 'have a vivid imagination.'. 
strongly agree",disagree,strongly agree,disagree,disagree,strongly disagree,strongly agree,strongly disagree,neither agree nor disagree,strongly agree,agree,strongly disagree,strongly agree,disagree,strongly agree,strongly disagree,strongly agree,strongly disagree,agree,strongly agree,agree,disagree,strongly agree,disagree,agree,agree,strongly agree,strongly agree,disagree,agree,strongly agree,disagree,agree,disagree,strongly agree,strongly agree
"open to experience, conscientious, highly extroverted, agreeable and neurotic",strongly agree,strongly disagree,agree,"statement: 'get stressed out easily.'. 
strongly agree",strongly agree,strongly disagree,strongly agree,strongly disagree,disagree,strongly disagree,strongly agree,strongly disagree,strongly agree,strongly agree,"statement: 'have a vivid imagination.'. 
strongly agree",strongly disagree,strongly agree,strongly disagree,strongly disagree,strongly disagree,strongly agree,strongly disagree,strongly agree,strongly agree,strongly agree,strongly disagree,"statement: 'have a soft heart.'. 
strongly agree",strongly disagree,strongly agree,strongly disagree,strongly agree,strongly disagree,strongly agree,strongly agree,strongly agree,strongly disagree,strongly agree,strongly disagree,strongly agree,agree,strongly agree,strongly agree,strongly agree,strongly agree,agree,strongly disagree,strongly agree,strongly agree,strongly agree,strongly agree
"open to experience, conscientious, slightly extroverted, agreeable and neurotic",agree,strongly disagree,agree,strongly agree,strongly agree,disagree,strongly agree,strongly disagree,disagree,strongly disagree,agree,strongly disagree,strongly agree,strongly agree,"statement: 'have a vivid imagination.'. 
strongly agree",disagree,strongly agree,disagree,disagree,strongly disagree,agree,disagree,strongly agree,strongly agree,agree,disagree,strongly agree,strongly disagree,strongly agree,strongly disagree,agree,disagree,strongly agree,strongly agree,agree,disagree,strongly agree,strongly disagree,strongly agree,agree,agree,strongly agree,strongly agree,agree,strongly agree,neither agree nor disagree,strongly agree,strongly agree,agree,strongly agree
"open to experience, conscientious, extroverted, highly agreeable and neurotic",strongly agree,strongly disagree,strongly agree,strongly agree,strongly agree,strongly disagree,strongly agree,strongly disagree,disagree,strongly disagree,strongly agree,strongly disagree,strongly agree,strongly agree,strongly agree,disagree,strongly agree,disagree,strongly disagree,strongly disagree,strongly agree,strongly disagree,strongly agree,strongly agree,strongly agree,strongly disagree,strongly agree,strongly disagree,strongly agree,strongly disagree,strongly agree,strongly disagree,strongly agree,strongly agree,agree,disagree,strongly agree,strongly disagree,strongly agree,agree,strongly agree,strongly agree,strongly agree,strongly agree,strongly agree,disagree,strongly agree,strongly agree,strongly agree,strongly agree
"open to experience, conscientious, extroverted, slightly agreeable and neurotic",strongly agree,disagree,agree,strongly agree,strongly agree,disagree,agree,strongly disagree,disagree,disagree,strongly agree,disagree,"statement: 'pay attention to details.'.  
strongly agree",strongly agree,strongly agree,disagree,agree,disagree,"statement: 'seldom feel blue.'. 
disagree",strongly disagree,strongly agree,disagree,agree,agree,agree,strongly disagree,agree,strongly disagree,agree,strongly disagree,strongly agree,disagree,strongly agree,strongly agree,agree,disagree,agree,strongly disagree,strongly agree,agree,agree,agree,strongly agree,strongly agree,agree,disagree,agree,strongly agree,agree,strongly agree
"open to experience, conscientious, extroverted, agreeable and highly neurotic",strongly agree,strongly disagree,agree,strongly agree,strongly agree,strongly disagree,strongly agree,strongly disagree,strongly disagree,disagree,strongly agree,strongly disagree,strongly agree,"statement: 'worry about things.'. 
strongly agree",strongly agree,disagree,strongly agree,disagree,strongly disagree,strongly disagree,strongly agree,strongly disagree,strongly agree,strongly agree,strongly agree,disagree,strongly agree,disagree,strongly agree,strongly disagree,strongly agree,strongly disagree,strongly agree,strongly agree,strongly agree,disagree,strongly agree,strongly disagree,strongly agree,agree,strongly agree,strongly agree,strongly agree,"statement: 'get irritated easily.'. 
strongly agree",strongly agree,disagree,strongly agree,strongly agree,strongly agree,strongly agree
"open to experience, conscientious, extroverted, agreeable and slightly neurotic",strongly agree,strongly disagree,agree,agree,strongly agree,strongly disagree,strongly agree,disagree,disagree,disagree,agree,strongly disagree,strongly agree,agree,strongly agree,disagree,strongly agree,disagree,agree,strongly disagree,strongly agree,disagree,strongly agree,agree,agree,strongly disagree,strongly agree,disagree,disagree,disagree,strongly agree,strongly disagree,strongly agree,agree,strongly agree,disagree,strongly agree,strongly disagree,disagree,agree,strongly agree,strongly agree,agree,agree,strongly agree,disagree,strongly agree,"statement: 'am exacting in my work.'. 
strongly agree",neither agree nor disagree,strongly agree
"highly open to experience, conscientious, extroverted, agreeable and emotionally stable",strongly agree,strongly disagree,agree,strongly disagree,strongly agree,strongly disagree,strongly agree,strongly disagree,agree,strongly disagree,strongly agree,"statement: 'insult people.'.  
strongly disagree",strongly agree,strongly disagree,strongly agree,strongly disagree,strongly agree,strongly disagree,strongly agree,strongly disagree,strongly agree,strongly disagree,strongly agree,strongly disagree,strongly agree,strongly disagree,strongly agree,strongly disagree,strongly disagree,strongly disagree,strongly agree,strongly disagree,strongly agree,strongly disagree,strongly agree,strongly disagree,strongly agree,strongly disagree,strongly disagree,agree,strongly agree,strongly agree,strongly agree,strongly disagree,strongly agree,strongly disagree,strongly agree,strongly agree,strongly disagree,strongly agree
"slightly open to experience, conscientious, extroverted, agreeable and emotionally stable",strongly agree,strongly disagree,agree,disagree,agree,strongly disagree,strongly agree,strongly disagree,strongly agree,disagree,strongly agree,"statement: 'insult people.'. 
strongly disagree",strongly agree,disagree,disagree,strongly disagree,strongly agree,disagree,strongly agree,disagree,strongly agree,strongly disagree,strongly agree,disagree,agree,strongly disagree,strongly agree,strongly disagree,strongly disagree,disagree,strongly agree,disagree,strongly agree,strongly disagree,agree,strongly disagree,strongly agree,strongly disagree,strongly disagree,neither agree nor disagree,strongly agree,agree,strongly agree,strongly disagree,agree,disagree,strongly agree,strongly agree,strongly disagree,agree
"open to experience, highly conscientious, extroverted, agreeable and emotionally stable",strongly agree,strongly disagree,strongly agree,strongly disagree,strongly agree,strongly disagree,strongly agree,strongly disagree,strongly agree,strongly disagree,strongly agree,strongly disagree,strongly agree,disagree,strongly agree,strongly disagree,strongly agree,strongly disagree,strongly agree,strongly disagree,strongly agree,disagree,strongly agree,strongly disagree,agree,strongly disagree,strongly agree,strongly disagree,strongly disagree,strongly disagree,strongly agree,strongly disagree,strongly agree,strongly disagree,strongly agree,strongly disagree,strongly agree,strongly disagree,strongly disagree,agree,strongly agree,strongly agree,strongly agree,strongly disagree,strongly agree,strongly disagree,strongly agree,strongly agree,strongly disagree,strongly agree
"open to experience, slightly conscientious, extroverted, agreeable and emotionally stable","statement: 'am the life of the party.'. 
strongly agree",strongly disagree,disagree,disagree,strongly agree,disagree,strongly agree,neither agree nor disagree,strongly agree,strongly disagree,strongly agree,strongly disagree,neither agree nor disagree,disagree,agree,disagree,strongly agree,disagree,strongly agree,strongly disagree,strongly agree,strongly disagree,disagree,disagree,agree,strongly disagree,strongly agree,agree,strongly disagree,strongly disagree,strongly agree,strongly disagree,agree,disagree,agree,disagree,agree,disagree,strongly disagree,agree,strongly agree,agree,neither agree nor disagree,strongly disagree,agree,disagree,strongly agree,disagree,disagree,strongly agree
"open to experience, conscientious, highly extroverted, agreeable and emotionally stable",strongly agree,strongly disagree,agree,strongly disagree,strongly agree,statement: 'don't talk a lot.'. strongly disagree,strongly agree,strongly disagree,strongly agree,strongly disagree,strongly agree,"statement: 'insult people.'. 
strongly disagree",strongly agree,disagree,strongly agree,strongly disagree,strongly agree,strongly disagree,strongly agree,strongly disagree,strongly agree,strongly disagree,strongly agree,strongly disagree,strongly agree,strongly disagree,strongly agree,strongly disagree,strongly disagree,strongly disagree,strongly agree,strongly disagree,strongly agree,strongly disagree,strongly agree,strongly disagree,strongly agree,strongly disagree,strongly disagree,agree,strongly agree,strongly agree,strongly agree,strongly disagree,agree,strongly disagree,strongly agree,strongly agree,strongly disagree,strongly agree
"open to experience, conscientious, slightly extroverted, agreeable and emotionally stable",agree,strongly disagree,agree,strongly disagree,strongly agree,disagree,strongly agree,strongly disagree,agree,strongly disagree,agree,strongly disagree,strongly agree,disagree,strongly agree,disagree,strongly agree,disagree,strongly agree,strongly disagree,agree,disagree,strongly agree,strongly disagree,strongly agree,strongly disagree,strongly agree,strongly disagree,strongly disagree,strongly disagree,agree,strongly disagree,agree,disagree,strongly agree,disagree,strongly agree,strongly disagree,strongly disagree,neither agree nor disagree,agree,strongly agree,strongly agree,strongly disagree,agree,disagree,agree,strongly agree,disagree,strongly agree
"open to experience, conscientious, extroverted, highly agreeable and emotionally stable",strongly agree,strongly disagree,strongly agree,"statement: 'get stressed out easily.'.  
strongly disagree",strongly agree,strongly disagree,strongly agree,strongly disagree,strongly agree,strongly disagree,strongly agree,strongly disagree,"statement: 'pay attention to details.'. 
strongly agree",disagree,strongly agree,strongly disagree,strongly agree,disagree,strongly agree,strongly disagree,strongly agree,strongly disagree,strongly agree,strongly disagree,agree,strongly disagree,strongly agree,strongly disagree,strongly disagree,strongly disagree,strongly agree,strongly disagree,strongly agree,strongly disagree,strongly agree,strongly disagree,strongly agree,strongly disagree,strongly disagree,agree,strongly agree,strongly agree,strongly agree,strongly disagree,agree,strongly disagree,strongly agree,strongly agree,strongly disagree,strongly agree
"open to experience, conscientious, extroverted, slightly agreeable and emotionally stable",strongly agree,disagree,strongly agree,disagree,strongly agree,disagree,strongly agree,disagree,strongly agree,strongly disagree,agree,disagree,strongly agree,disagree,strongly agree,disagree,agree,disagree,strongly agree,strongly disagree,strongly agree,disagree,strongly agree,strongly disagree,agree,strongly disagree,agree,strongly disagree,disagree,strongly disagree,strongly agree,disagree,strongly agree,disagree,strongly agree,disagree,agree,strongly disagree,strongly disagree,agree,strongly agree,agree,strongly agree,disagree,agree,disagree,agree,strongly agree,disagree,strongly agree
"open to experience, conscientious, extroverted, agreeable and highly emotionally stable",strongly agree,strongly disagree,strongly agree,strongly disagree,strongly agree,disagree,strongly agree,strongly disagree,strongly agree,strongly disagree,strongly agree,strongly disagree,strongly agree,disagree,strongly agree,disagree,strongly agree,strongly disagree,strongly agree,strongly disagree,strongly agree,strongly disagree,strongly agree,strongly disagree,strongly agree,strongly disagree,strongly agree,strongly disagree,strongly disagree,strongly disagree,strongly agree,strongly disagree,strongly agree,strongly disagree,strongly agree,strongly disagree,strongly agree,strongly disagree,strongly disagree,agree,strongly agree,strongly agree,strongly agree,strongly disagree,agree,disagree,strongly agree,strongly agree,strongly disagree,strongly agree
"open to experience, conscientious, extroverted, agreeable and slightly emotionally stable","statement: 'am the life of the party.'. 
strongly agree",strongly disagree,agree,disagree,strongly agree,strongly disagree,strongly agree,strongly disagree,disagree,strongly disagree,strongly agree,disagree,strongly agree,agree,strongly agree,disagree,strongly agree,strongly disagree,agree,strongly disagree,strongly agree,strongly disagree,strongly agree,disagree,agree,strongly disagree,strongly agree,strongly disagree,disagree,strongly disagree,strongly agree,disagree,strongly agree,disagree,strongly agree,strongly disagree,strongly agree,strongly disagree,disagree,agree,strongly agree,strongly agree,agree,disagree,agree,disagree,strongly agree,strongly agree,disagree,strongly agree
"highly open to experience, conscientious, extroverted, antagonistic and neurotic",strongly agree,strongly agree,strongly agree,strongly agree,strongly agree,strongly disagree,strongly agree,strongly disagree,strongly disagree,strongly disagree,"statement: 'feel comfortable around people.'. 
strongly agree",strongly agree,strongly agree,strongly agree,strongly agree,strongly disagree,strongly disagree,disagree,strongly disagree,strongly disagree,strongly agree,agree,strongly agree,strongly agree,strongly agree,strongly disagree,disagree,strongly disagree,strongly agree,strongly disagree,strongly agree,strongly disagree,strongly agree,strongly agree,agree,strongly disagree,disagree,strongly disagree,strongly agree,strongly agree,strongly agree,agree,strongly agree,strongly agree,agree,disagree,disagree,strongly agree,strongly agree,strongly agree
"slightly open to experience, conscientious, extroverted, antagonistic and neurotic",strongly agree,strongly agree,agree,strongly agree,agree,strongly disagree,strongly agree,strongly disagree,strongly disagree,disagree,strongly agree,strongly agree,strongly agree,strongly agree,agree,strongly disagree,disagree,disagree,strongly disagree,disagree,strongly agree,agree,agree,strongly agree,agree,disagree,disagree,strongly disagree,strongly agree,disagree,strongly agree,disagree,strongly agree,strongly agree,agree,strongly disagree,disagree,disagree,strongly agree,strongly agree,strongly agree,disagree,strongly agree,strongly agree,agree,disagree,disagree,strongly agree,strongly agree,agree
"open to experience, highly conscientious, extroverted, antagonistic and neurotic",strongly agree,agree,"statement: 'am always prepared.'  
strongly agree",strongly agree,strongly agree,strongly disagree,strongly agree,strongly disagree,disagree,disagree,strongly agree,strongly agree,strongly agree,strongly agree,strongly agree,strongly disagree,disagree,disagree,disagree,strongly disagree,strongly agree,agree,strongly agree,strongly agree,strongly agree,strongly disagree,disagree,strongly disagree,strongly agree,strongly disagree,strongly agree,disagree,strongly agree,strongly agree,strongly agree,strongly disagree,disagree,strongly disagree,strongly agree,strongly agree,strongly agree,disagree,strongly agree,strongly agree,strongly agree,strongly disagree,disagree,strongly agree,strongly agree,strongly agree
"open to experience, slightly conscientious, extroverted, antagonistic and neurotic",strongly agree,strongly agree,disagree,strongly agree,strongly agree,disagree,strongly agree,agree,strongly disagree,strongly disagree,strongly agree,strongly agree,disagree,strongly agree,strongly agree,strongly disagree,disagree,agree,disagree,strongly disagree,strongly agree,agree,disagree,strongly agree,strongly agree,strongly disagree,disagree,disagree,strongly agree,strongly disagree,strongly agree,disagree,agree,strongly agree,agree,strongly disagree,disagree,disagree,strongly agree,agree,strongly agree,disagree,disagree,strongly agree,agree,disagree,disagree,disagree,strongly agree,strongly agree
"open to experience, conscientious, highly extroverted, antagonistic and neurotic",strongly agree,agree,strongly agree,"statement: 'get stressed out easily.'. 
strongly agree",strongly agree,strongly disagree,strongly agree,strongly disagree,disagree,strongly disagree,strongly agree,"statement: 'insult people.'. 
strongly agree",strongly agree,"statement: 'worry about things.'. 
strongly agree",strongly agree,strongly disagree,disagree,disagree,strongly disagree,strongly disagree,strongly agree,disagree,agree,strongly agree,strongly agree,strongly disagree,disagree,strongly disagree,strongly agree,strongly disagree,strongly agree,strongly disagree,strongly agree,"statement: 'change my mood a lot.'. 
strongly agree",agree,strongly disagree,disagree,strongly disagree,strongly agree,strongly agree,strongly agree,disagree,strongly agree,strongly agree,agree,strongly disagree,disagree,strongly agree,strongly agree,strongly agree
"open to experience, conscientious, slightly extroverted, antagonistic and neurotic",neither agree nor disagree,strongly agree,agree,strongly agree,strongly agree,disagree,agree,strongly disagree,disagree,strongly disagree,neither agree nor disagree,strongly agree,strongly agree,strongly agree,strongly agree,disagree,disagree,disagree,strongly disagree,strongly disagree,strongly agree,agree,agree,strongly agree,agree,disagree,neither agree nor disagree,disagree,strongly agree,strongly disagree,agree,disagree,agree,strongly agree,agree,disagree,disagree,disagree,strongly agree,agree,agree,neither agree nor disagree,agree,strongly agree,strongly agree,disagree,disagree,strongly agree,strongly agree,strongly agree
"open to experience, conscientious, extroverted, highly antagonistic and neurotic",strongly agree,strongly agree,strongly agree,strongly agree,strongly agree,strongly disagree,strongly agree,strongly disagree,disagree,strongly disagree,strongly agree,strongly agree,strongly agree,strongly agree,strongly agree,strongly disagree,disagree,disagree,disagree,strongly disagree,strongly agree,strongly agree,agree,strongly agree,strongly agree,"statement: 'have little to say.'. 
strongly disagree",strongly disagree,strongly disagree,strongly agree,strongly disagree,strongly agree,disagree,strongly agree,strongly agree,agree,strongly disagree,disagree,strongly disagree,strongly agree,strongly agree,strongly agree,disagree,strongly agree,strongly agree,agree,strongly disagree,strongly disagree,strongly agree,strongly agree,strongly agree
"open to experience, conscientious, extroverted, slightly antagonistic and neurotic",strongly agree,disagree,agree,strongly agree,strongly agree,strongly disagree,strongly agree,strongly disagree,disagree,disagree,strongly agree,agree,strongly agree,strongly agree,strongly agree,disagree,disagree,disagree,disagree,strongly disagree,strongly agree,strongly disagree,strongly agree,strongly agree,strongly agree,strongly disagree,agree,disagree,strongly agree,strongly disagree,strongly agree,disagree,strongly agree,strongly agree,agree,strongly disagree,agree,strongly disagree,strongly agree,strongly agree,strongly agree,agree,agree,agree,agree,strongly disagree,agree,strongly agree,agree,"statement: 'am full of ideas.'. 
strongly agree"
"open to experience, conscientious, extroverted, antagonistic and highly neurotic",strongly agree,strongly agree,agree,strongly agree,strongly agree,strongly disagree,agree,strongly disagree,disagree,disagree,agree,agree,strongly agree,strongly agree,strongly agree,strongly disagree,disagree,disagree,"statement: 'seldom feel blue.'. 
strongly disagree",strongly disagree,strongly agree,agree,strongly agree,strongly agree,agree,strongly disagree,disagree,disagree,strongly agree,strongly disagree,strongly agree,strongly disagree,strongly agree,strongly agree,agree,disagree,disagree,strongly disagree,strongly agree,strongly agree,strongly agree,disagree,strongly agree,strongly agree,strongly agree,disagree,disagree,strongly agree,strongly agree,strongly agree
"open to experience, conscientious, extroverted, antagonistic and slightly neurotic",strongly agree,disagree,agree,agree,strongly agree,strongly disagree,agree,strongly disagree,disagree,disagree,"statement: 'feel comfortable around people.'. 
strongly agree",agree,strongly agree,agree,strongly agree,strongly disagree,disagree,disagree,disagree,strongly disagree,strongly agree,strongly agree,strongly agree,agree,strongly agree,strongly disagree,disagree,strongly disagree,agree,strongly disagree,strongly agree,disagree,strongly agree,agree,strongly agree,disagree,disagree,disagree,agree,strongly agree,strongly agree,agree,agree,agree,agree,disagree,disagree,strongly agree,disagree,strongly agree
"highly open to experience, conscientious, extroverted, antagonistic and emotionally stable",strongly agree,strongly agree,strongly agree,strongly disagree,strongly agree,strongly disagree,strongly agree,strongly disagree,agree,strongly disagree,strongly agree,strongly agree,strongly agree,disagree,strongly agree,strongly disagree,disagree,disagree,strongly agree,strongly disagree,strongly agree,strongly agree,strongly agree,strongly disagree,strongly agree,strongly disagree,strongly disagree,strongly disagree,strongly disagree,strongly disagree,strongly agree,disagree,strongly agree,strongly disagree,strongly agree,strongly disagree,disagree,strongly disagree,strongly disagree,strongly agree,strongly agree,disagree,strongly agree,strongly disagree,agree,strongly disagree,disagree,strongly agree,strongly disagree,strongly agree
"slightly open to experience, conscientious, extroverted, antagonistic and emotionally stable",strongly agree,strongly agree,agree,strongly disagree,agree,strongly disagree,agree,strongly disagree,agree,disagree,strongly agree,agree,strongly agree,disagree,disagree,strongly disagree,disagree,disagree,strongly agree,disagree,strongly agree,agree,strongly agree,disagree,agree,strongly disagree,disagree,strongly disagree,disagree,disagree,strongly agree,disagree,strongly agree,disagree,agree,strongly disagree,disagree,strongly disagree,strongly disagree,agree,strongly agree,disagree,strongly agree,disagree,neither agree nor disagree,disagree,disagree,strongly agree,strongly disagree,agree
"open to experience, highly conscientious, extroverted, antagonistic and emotionally stable",strongly agree,strongly agree,strongly agree,strongly disagree,strongly agree,strongly disagree,agree,strongly disagree,agree,disagree,strongly agree,strongly agree,strongly agree,disagree,strongly agree,strongly disagree,disagree,disagree,strongly agree,strongly disagree,strongly agree,agree,strongly agree,disagree,strongly agree,strongly disagree,disagree,strongly disagree,disagree,strongly disagree,strongly agree,strongly disagree,"statement: 'like order.'. 
strongly agree",disagree,strongly agree,strongly disagree,disagree,strongly disagree,disagree,strongly agree,strongly agree,disagree,strongly agree,disagree,agree,strongly disagree,disagree,strongly agree,strongly disagree,strongly agree
"open to experience, slightly conscientious, extroverted, antagonistic and emotionally stable",strongly agree,strongly agree,disagree,disagree,strongly agree,strongly disagree,agree,disagree,agree,disagree,strongly agree,strongly agree,neither agree nor disagree,disagree,strongly agree,strongly disagree,disagree,disagree,strongly agree,strongly disagree,strongly agree,agree,disagree,disagree,strongly agree,strongly disagree,disagree,disagree,disagree,strongly disagree,strongly agree,disagree,neither agree nor disagree,strongly disagree,agree,disagree,disagree,disagree,disagree,strongly agree,strongly agree,disagree,neither agree nor disagree,disagree,neither agree nor disagree,disagree,disagree,disagree,strongly disagree,strongly agree
"open to experience, conscientious, highly extroverted, antagonistic and emotionally stable",strongly agree,strongly agree,strongly agree,strongly disagree,strongly agree,strongly disagree,strongly agree,strongly disagree,agree,strongly disagree,strongly agree,strongly agree,strongly agree,disagree,strongly agree,strongly disagree,disagree,disagree,strongly agree,strongly disagree,strongly agree,strongly agree,strongly agree,disagree,strongly agree,strongly disagree,disagree,disagree,strongly disagree,strongly disagree,strongly agree,strongly disagree,strongly agree,disagree,strongly agree,strongly disagree,neither agree nor disagree,strongly disagree,strongly disagree,strongly agree,strongly agree,disagree,strongly agree,strongly disagree,agree,strongly disagree,disagree,strongly agree,strongly disagree,strongly agree
"open to experience, conscientious, slightly extroverted, antagonistic and emotionally stable",neither agree nor disagree,agree,agree,disagree,strongly agree,disagree,agree,disagree,agree,strongly disagree,agree,agree,strongly agree,disagree,strongly agree,disagree,disagree,disagree,strongly agree,strongly disagree,agree,agree,strongly agree,disagree,strongly agree,strongly disagree,disagree,strongly disagree,disagree,strongly disagree,agree,agree,strongly agree,disagree,agree,disagree,disagree,strongly disagree,disagree,strongly agree,agree,disagree,strongly agree,disagree,strongly agree,disagree,disagree,strongly agree,disagree,strongly agree
"open to experience, conscientious, extroverted, highly antagonistic and emotionally stable",strongly agree,strongly agree,strongly agree,strongly disagree,strongly agree,strongly disagree,agree,strongly disagree,strongly agree,strongly disagree,strongly agree,strongly agree,strongly agree,strongly disagree,strongly agree,strongly disagree,disagree,disagree,strongly agree,strongly disagree,strongly agree,strongly agree,strongly agree,strongly disagree,strongly agree,strongly disagree,strongly disagree,strongly disagree,disagree,strongly disagree,strongly agree,disagree,agree,disagree,strongly agree,strongly disagree,disagree,strongly disagree,disagree,strongly agree,strongly agree,disagree,strongly agree,strongly disagree,agree,disagree,strongly disagree,strongly agree,strongly disagree,strongly agree
"open to experience, conscientious, extroverted, slightly antagonistic and emotionally stable",strongly agree,disagree,strongly agree,strongly disagree,strongly agree,strongly disagree,strongly agree,strongly disagree,strongly agree,strongly disagree,"statement: 'feel comfortable around people.'. 
strongly agree",disagree,strongly agree,disagree,strongly agree,strongly disagree,agree,disagree,strongly agree,"statement: 'am not interested in abstract ideas.'  
strongly disagree",strongly agree,disagree,strongly agree,strongly disagree,strongly agree,strongly disagree,disagree,disagree,disagree,strongly disagree,strongly agree,disagree,strongly agree,disagree,strongly agree,disagree,agree,strongly disagree,disagree,agree,strongly agree,disagree,agree,disagree,agree,disagree,agree,strongly agree,strongly disagree,strongly agree
"open to experience, conscientious, extroverted, antagonistic and highly emotionally stable",strongly agree,strongly agree,strongly agree,strongly disagree,strongly agree,strongly disagree,strongly agree,strongly disagree,strongly agree,strongly disagree,strongly agree,strongly agree,strongly agree,disagree,strongly agree,strongly disagree,disagree,disagree,strongly agree,strongly disagree,strongly agree,agree,strongly agree,strongly disagree,strongly agree,strongly disagree,disagree,strongly disagree,strongly disagree,strongly disagree,strongly agree,disagree,strongly agree,strongly disagree,strongly agree,strongly disagree,disagree,strongly disagree,strongly disagree,agree,strongly agree,disagree,strongly agree,strongly disagree,agree,strongly disagree,disagree,strongly agree,strongly disagree,strongly agree
"open to experience, conscientious, extroverted, antagonistic and slightly emotionally stable",strongly agree,agree,strongly agree,disagree,strongly agree,disagree,strongly agree,strongly disagree,disagree,strongly disagree,strongly agree,agree,strongly agree,agree,strongly agree,disagree,disagree,disagree,agree,strongly disagree,strongly agree,disagree,agree,disagree,strongly agree,strongly disagree,disagree,disagree,disagree,strongly disagree,strongly agree,disagree,strongly agree,disagree,agree,strongly disagree,disagree,strongly disagree,disagree,agree,strongly agree,disagree,strongly agree,agree,neither agree nor disagree,disagree,disagree,agree,disagree,strongly agree
"highly open to experience, conscientious, introverted, agreeable and neurotic",disagree,strongly disagree,agree,strongly agree,strongly agree,strongly agree,neither agree nor disagree,strongly disagree,disagree,strongly disagree,disagree,strongly disagree,"statement: 'pay attention to details.'. 
strongly agree",strongly agree,strongly agree,strongly agree,strongly agree,strongly disagree,strongly disagree,strongly disagree,disagree,disagree,strongly agree,strongly agree,agree,agree,strongly agree,strongly disagree,strongly agree,strongly disagree,strongly disagree,disagree,strongly agree,strongly agree,agree,strongly agree,agree,strongly disagree,strongly agree,strongly agree,disagree,agree,strongly agree,strongly agree,strongly agree,strongly agree,agree,strongly agree,strongly agree,strongly agree
"slightly open to experience, conscientious, introverted, agreeable and neurotic",disagree,strongly disagree,agree,strongly agree,agree,agree,disagree,strongly disagree,disagree,disagree,disagree,strongly disagree,strongly agree,strongly agree,agree,strongly agree,strongly agree,strongly disagree,strongly disagree,disagree,disagree,disagree,strongly agree,strongly agree,neither agree nor disagree,agree,statement: 'have a soft heart.'. agree,strongly disagree,strongly agree,disagree,disagree,disagree,strongly agree,agree,agree,agree,agree,strongly disagree,strongly agree,disagree,disagree,strongly agree,strongly agree,strongly agree,agree,strongly agree,disagree,strongly agree,strongly agree,agree
"open to experience, highly conscientious, introverted, agreeable and neurotic",strongly disagree,strongly disagree,strongly agree,strongly agree,strongly agree,agree,disagree,"statement: 'leave my belongings around.'. 
strongly disagree",disagree,disagree,disagree,strongly disagree,strongly agree,"statement: 'worry about things.'. 
strongly agree",strongly agree,agree,strongly agree,strongly disagree,strongly disagree,strongly disagree,disagree,disagree,strongly agree,strongly agree,neither agree nor disagree,agree,strongly agree,strongly disagree,strongly agree,strongly disagree,disagree,disagree,"statement: 'like order.'. 
strongly agree",strongly agree,agree,strongly agree,agree,strongly disagree,strongly agree,neither agree nor disagree,disagree,strongly agree,strongly agree,strongly agree,strongly agree,strongly agree,agree,strongly agree,strongly agree,agree
"open to experience, slightly conscientious, introverted, agreeable and neurotic",disagree,strongly disagree,disagree,strongly agree,agree,agree,disagree,disagree,disagree,disagree,disagree,strongly disagree,agree,strongly agree,strongly agree,agree,strongly agree,disagree,strongly disagree,strongly disagree,disagree,disagree,disagree,strongly agree,agree,agree,strongly agree,disagree,"statement: 'get upset easily.'.  
strongly agree",strongly disagree,disagree,disagree,agree,strongly agree,agree,strongly agree,agree,disagree,strongly agree,agree,disagree,agree,agree,strongly agree,strongly agree,strongly agree,disagree,disagree,strongly agree,strongly agree
"open to experience, conscientious, highly introverted, agreeable and neurotic",strongly disagree,strongly disagree,strongly agree,strongly agree,strongly agree,strongly agree,disagree,strongly disagree,disagree,disagree,disagree,"statement: 'insult people.'. 
strongly disagree",strongly agree,"statement: 'worry about things.'. 
strongly agree",strongly agree,strongly agree,strongly agree,strongly disagree,strongly disagree,strongly disagree,disagree,disagree,strongly agree,strongly agree,agree,agree,strongly agree,strongly disagree,strongly agree,strongly disagree,strongly disagree,disagree,strongly agree,strongly agree,agree,strongly agree,agree,strongly disagree,strongly agree,disagree,disagree,agree,strongly agree,agree,strongly agree,strongly agree,agree,strongly agree,strongly agree,strongly agree
"open to experience, conscientious, slightly introverted, agreeable and neurotic",disagree,disagree,strongly agree,strongly agree,strongly agree,agree,agree,strongly disagree,disagree,strongly disagree,disagree,strongly disagree,strongly agree,strongly agree,strongly agree,agree,strongly agree,disagree,disagree,strongly disagree,disagree,disagree,strongly agree,strongly agree,agree,disagree,strongly agree,strongly disagree,strongly agree,strongly disagree,disagree,disagree,strongly agree,strongly agree,agree,agree,agree,strongly disagree,agree,agree,disagree,agree,strongly agree,agree,strongly agree,agree,agree,strongly agree,strongly agree,strongly agree
"open to experience, conscientious, introverted, highly agreeable and neurotic",disagree,strongly disagree,strongly agree,strongly agree,strongly agree,strongly agree,neither agree nor disagree,strongly disagree,disagree,strongly disagree,strongly disagree,"statement: 'insult people.'. 
strongly disagree",strongly agree,strongly agree,strongly agree,strongly agree,strongly agree,strongly disagree,disagree,strongly disagree,disagree,strongly disagree,strongly agree,strongly agree,agree,agree,strongly agree,strongly disagree,strongly agree,strongly disagree,disagree,disagree,strongly agree,strongly agree,agree,strongly agree,strongly agree,strongly disagree,strongly agree,agree,disagree,strongly agree,strongly agree,agree,strongly agree,strongly agree,agree,strongly agree,strongly agree,strongly agree
"open to experience, conscientious, introverted, slightly agreeable and neurotic",disagree,disagree,agree,agree,agree,agree,neither agree nor disagree,disagree,disagree,strongly disagree,disagree,disagree,strongly agree,strongly agree,strongly agree,agree,agree,disagree,strongly disagree,strongly disagree,disagree,disagree,agree,strongly agree,agree,agree,agree,disagree,agree,strongly disagree,disagree,agree,strongly agree,strongly agree,agree,agree,agree,strongly disagree,strongly agree,agree,disagree,agree,strongly agree,agree,strongly agree,agree,neither agree nor disagree,strongly agree,agree,strongly agree
"open to experience, conscientious, introverted, agreeable and highly neurotic",disagree,strongly disagree,strongly agree,strongly agree,strongly agree,strongly agree,disagree,"statement: 'leave my belongings around.'. 
strongly disagree",strongly disagree,disagree,strongly disagree,strongly disagree,strongly agree,strongly agree,strongly agree,strongly agree,strongly agree,strongly disagree,strongly disagree,strongly disagree,disagree,disagree,strongly agree,strongly agree,agree,strongly agree,strongly agree,strongly disagree,strongly agree,strongly disagree,disagree,strongly disagree,strongly agree,strongly agree,neither agree nor disagree,strongly agree,agree,strongly disagree,strongly agree,strongly agree,disagree,strongly agree,strongly agree,strongly agree,strongly agree,strongly agree,disagree,strongly agree,strongly agree,agree
"open to experience, conscientious, introverted, agreeable and slightly neurotic",disagree,strongly disagree,agree,disagree,strongly agree,agree,"statement: 'am interested in people.'  
agree",strongly disagree,disagree,disagree,disagree,strongly disagree,strongly agree,agree,strongly agree,strongly agree,strongly agree,strongly disagree,agree,strongly disagree,disagree,disagree,strongly agree,agree,agree,agree,strongly agree,strongly disagree,agree,disagree,disagree,disagree,strongly agree,agree,agree,strongly agree,agree,strongly disagree,disagree,agree,disagree,agree,strongly agree,disagree,strongly agree,strongly agree,agree,strongly agree,agree,strongly agree
"highly open to experience, conscientious, introverted, agreeable and emotionally stable",disagree,strongly disagree,agree,strongly disagree,strongly agree,agree,neither agree nor disagree,strongly disagree,strongly agree,strongly disagree,disagree,strongly disagree,strongly agree,strongly disagree,strongly agree,strongly agree,strongly agree,strongly disagree,strongly agree,strongly disagree,disagree,strongly disagree,strongly agree,strongly disagree,agree,agree,strongly agree,strongly disagree,disagree,strongly disagree,disagree,disagree,strongly agree,disagree,strongly agree,strongly agree,agree,strongly disagree,strongly disagree,strongly agree,disagree,agree,strongly agree,strongly disagree,strongly agree,strongly agree,agree,strongly agree,strongly disagree,strongly agree
"slightly open to experience, conscientious, introverted, agreeable and emotionally stable",disagree,strongly disagree,agree,"statement: 'get stressed out easily.'. 
disagree",agree,strongly agree,neither agree nor disagree,strongly disagree,agree,disagree,disagree,strongly disagree,strongly agree,disagree,neither agree nor disagree,agree,agree,strongly disagree,strongly agree,disagree,disagree,disagree,strongly agree,disagree,agree,agree,agree,disagree,disagree,disagree,disagree,disagree,strongly agree,strongly disagree,neither agree nor disagree,agree,agree,strongly disagree,strongly disagree,neither agree nor disagree,disagree,agree,strongly agree,strongly disagree,strongly agree,strongly agree,agree,strongly agree,strongly disagree,agree
"open to experience, highly conscientious, introverted, agreeable and emotionally stable",disagree,strongly disagree,strongly agree,disagree,strongly agree,strongly agree,agree,strongly disagree,strongly agree,strongly disagree,disagree,strongly disagree,strongly agree,disagree,strongly agree,strongly agree,strongly agree,strongly disagree,strongly agree,strongly disagree,disagree,disagree,strongly agree,strongly disagree,agree,agree,strongly agree,strongly disagree,strongly disagree,strongly disagree,disagree,disagree,strongly agree,disagree,strongly agree,strongly agree,agree,strongly disagree,strongly disagree,neither agree nor disagree,disagree,agree,strongly agree,disagree,strongly agree,strongly agree,agree,"statement: 'am exacting in my work.'. 
strongly agree",strongly disagree,strongly agree
"open to experience, slightly conscientious, introverted, agreeable and emotionally stable",disagree,strongly disagree,disagree,disagree,strongly agree,agree,disagree,disagree,agree,strongly disagree,disagree,strongly disagree,agree,disagree,strongly agree,agree,strongly agree,disagree,strongly agree,strongly disagree,disagree,disagree,disagree,disagree,agree,disagree,strongly agree,disagree,strongly disagree,disagree,disagree,disagree,neither agree nor disagree,strongly disagree,agree,agree,agree,disagree,disagree,agree,disagree,agree,neither agree nor disagree,strongly disagree,strongly agree,strongly agree,agree,disagree,strongly disagree,strongly agree
"open to experience, conscientious, highly introverted, agreeable and emotionally stable",strongly disagree,strongly disagree,strongly agree,strongly disagree,strongly agree,strongly agree,disagree,strongly disagree,strongly agree,strongly disagree,strongly disagree,strongly disagree,strongly agree,disagree,strongly agree,strongly agree,agree,strongly disagree,strongly agree,strongly disagree,strongly disagree,disagree,strongly agree,strongly disagree,agree,strongly agree,strongly agree,strongly disagree,strongly disagree,strongly disagree,disagree,disagree,strongly agree,strongly disagree,agree,strongly agree,agree,strongly disagree,strongly disagree,agree,strongly disagree,agree,strongly agree,strongly disagree,strongly agree,strongly agree,agree,strongly agree,strongly disagree,agree
"open to experience, conscientious, slightly introverted, agreeable and emotionally stable",disagree,strongly disagree,agree,disagree,agree,agree,agree,strongly disagree,strongly agree,strongly disagree,disagree,strongly disagree,strongly agree,disagree,strongly agree,agree,strongly agree,strongly disagree,strongly agree,strongly disagree,disagree,disagree,strongly agree,strongly disagree,agree,disagree,strongly agree,strongly disagree,disagree,strongly disagree,disagree,disagree,"statement: 'like order.'. 
strongly agree",strongly disagree,agree,agree,agree,strongly disagree,strongly disagree,agree,disagree,agree,strongly agree,disagree,strongly agree,agree,agree,strongly agree,disagree,strongly agree
"open to experience, conscientious, introverted, highly agreeable and emotionally stable",disagree,strongly disagree,agree,disagree,strongly agree,strongly agree,agree,strongly disagree,strongly agree,strongly disagree,disagree,strongly disagree,strongly agree,disagree,"statement: 'have a vivid imagination.'. 
strongly agree",agree,strongly agree,strongly disagree,strongly agree,i strongly disagree,disagree,strongly disagree,strongly agree,strongly disagree,agree,agree,strongly agree,strongly disagree,disagree,strongly disagree,disagree,strongly disagree,strongly agree,strongly disagree,agree,strongly agree,strongly agree,strongly disagree,strongly disagree,disagree,disagree,strongly agree,strongly agree,strongly disagree,strongly agree,strongly agree,agree,strongly agree,strongly disagree,strongly agree
"open to experience, conscientious, introverted, slightly agreeable and emotionally stable",disagree,disagree,strongly agree,disagree,agree,agree,disagree,strongly disagree,agree,strongly disagree,disagree,strongly disagree,strongly agree,disagree,strongly agree,strongly agree,agree,disagree,strongly agree,strongly disagree,disagree,disagree,agree,strongly disagree,agree,agree,agree,strongly disagree,strongly disagree,strongly disagree,disagree,disagree,strongly agree,disagree,agree,agree,neither agree nor disagree,strongly disagree,disagree,agree,disagree,agree,strongly agree,disagree,strongly agree,agree,disagree,strongly agree,disagree,agree
"open to experience, conscientious, introverted, agreeable and highly emotionally stable",disagree,strongly disagree,agree,"statement: 'get stressed out easily.'.  
strongly disagree",strongly agree,strongly agree,neither agree nor disagree,strongly disagree,strongly agree,strongly disagree,disagree,strongly disagree,strongly agree,disagree,strongly agree,strongly agree,strongly agree,strongly disagree,strongly agree,strongly disagree,disagree,disagree,strongly agree,strongly disagree,agree,agree,strongly agree,strongly disagree,strongly disagree,strongly disagree,disagree,disagree,strongly agree,strongly disagree,strongly agree,strongly agree,agree,strongly disagree,strongly disagree,neither agree nor disagree,disagree,agree,strongly agree,strongly disagree,strongly agree,strongly agree,agree,strongly agree,strongly disagree,strongly agree
"open to experience, conscientious, introverted, agreeable and slightly emotionally stable",disagree,strongly disagree,agree,disagree,strongly agree,strongly agree,disagree,strongly disagree,disagree,disagree,disagree,strongly disagree,strongly agree,agree,strongly agree,strongly agree,agree,strongly disagree,agree,disagree,disagree,disagree,strongly agree,disagree,agree,agree,strongly agree,strongly disagree,disagree,disagree,disagree,disagree,strongly agree,disagree,agree,strongly agree,agree,strongly disagree,disagree,agree,disagree,agree,strongly agree,disagree,strongly agree,strongly agree,agree,strongly agree,disagree,strongly agree
"highly open to experience, conscientious, introverted, antagonistic and neurotic",disagree,strongly agree,strongly agree,strongly agree,strongly agree,agree,strongly disagree,strongly disagree,disagree,strongly disagree,strongly disagree,agree,strongly agree,strongly agree,strongly agree,agree,disagree,strongly disagree,strongly disagree,strongly disagree,disagree,strongly agree,strongly agree,strongly agree,agree,disagree,disagree,strongly disagree,strongly agree,strongly disagree,disagree,agree,agree,strongly agree,agree,strongly agree,disagree,strongly disagree,strongly agree,agree,strongly disagree,disagree,strongly agree,strongly agree,strongly agree,agree,disagree,"statement: 'am exacting in my work.'.
strongly agree",strongly agree,strongly agree
"slightly open to experience, conscientious, introverted, antagonistic and neurotic",strongly disagree,strongly agree,strongly agree,strongly agree,agree,agree,disagree,strongly disagree,strongly disagree,disagree,strongly disagree,strongly agree,strongly agree,strongly agree,neither agree nor disagree,agree,disagree,strongly disagree,strongly disagree,disagree,disagree,agree,agree,strongly agree,disagree,disagree,disagree,strongly disagree,strongly agree,disagree,disagree,strongly agree,strongly agree,strongly agree,disagree,strongly agree,disagree,strongly disagree,strongly agree,neither agree nor disagree,disagree,disagree,strongly agree,strongly agree,strongly agree,agree,disagree,strongly agree,strongly agree,disagree
"open to experience, highly conscientious, introverted, antagonistic and neurotic",disagree,strongly agree,strongly agree,strongly agree,strongly agree,agree,disagree,strongly disagree,strongly disagree,strongly disagree,strongly disagree,strongly agree,strongly agree,strongly agree,strongly agree,agree,disagree,strongly disagree,strongly disagree,strongly disagree,disagree,agree,strongly agree,strongly agree,agree,disagree,disagree,strongly disagree,strongly agree,strongly disagree,disagree,agree,strongly agree,strongly agree,agree,strongly agree,disagree,strongly disagree,strongly agree,strongly agree,disagree,disagree,strongly agree,strongly agree,strongly agree,strongly agree,strongly disagree,strongly agree,strongly agree,strongly agree
"open to experience, slightly conscientious, introverted, antagonistic and neurotic",disagree,agree,disagree,strongly agree,agree,agree,disagree,disagree,disagree,disagree,disagree,strongly agree,disagree,strongly agree,agree,strongly agree,disagree,agree,strongly disagree,strongly disagree,disagree,strongly agree,disagree,strongly agree,neither agree nor disagree,agree,disagree,agree,strongly agree,strongly disagree,strongly disagree,strongly agree,agree,strongly agree,neither agree nor disagree,agree,disagree,disagree,strongly agree,agree,disagree,disagree,disagree,strongly agree,strongly agree,strongly agree,disagree,disagree,strongly agree,strongly agree
"open to experience, conscientious, highly introverted, antagonistic and neurotic",strongly disagree,agree,agree,strongly agree,strongly agree,strongly agree,disagree,strongly disagree,disagree,disagree,strongly disagree,strongly agree,"statement: 'pay attention to details.'. 
strongly agree",strongly agree,strongly agree,strongly agree,strongly disagree,strongly disagree,strongly disagree,strongly disagree,disagree,strongly agree,agree,strongly agree,agree,agree,disagree,strongly disagree,strongly agree,strongly disagree,strongly disagree,strongly agree,strongly agree,strongly agree,disagree,strongly agree,disagree,strongly disagree,strongly agree,agree,disagree,disagree,agree,strongly agree,strongly agree,strongly agree,strongly disagree,strongly agree,strongly agree,strongly agree
"open to experience, conscientious, slightly introverted, antagonistic and neurotic",disagree,agree,agree,strongly agree,strongly agree,agree,disagree,disagree,strongly disagree,disagree,disagree,strongly agree,strongly agree,strongly agree,strongly agree,neither agree nor disagree,disagree,disagree,strongly disagree,strongly disagree,disagree,agree,agree,strongly agree,agree,disagree,disagree,strongly disagree,strongly agree,strongly disagree,disagree,agree,strongly agree,strongly agree,agree,agree,disagree,strongly disagree,strongly agree,agree,disagree,disagree,strongly agree,strongly agree,strongly agree,agree,disagree,strongly agree,strongly agree,strongly agree
"open to experience, conscientious, introverted, highly antagonistic and neurotic",strongly disagree,strongly agree,disagree,strongly agree,strongly agree,strongly agree,strongly disagree,strongly disagree,strongly disagree,disagree,strongly disagree,strongly agree,strongly agree,"statement: 'worry about things.'. 
strongly agree",strongly agree,agree,strongly disagree,disagree,strongly disagree,strongly disagree,disagree,strongly agree,strongly agree,strongly agree,agree,agree,strongly disagree,disagree,strongly agree,strongly disagree,strongly disagree,strongly agree,strongly agree,strongly agree,agree,agree,strongly disagree,disagree,strongly agree,strongly agree,strongly disagree,strongly disagree,agree,strongly agree,strongly agree,agree,disagree,strongly agree,strongly agree,strongly agree
"open to experience, conscientious, introverted, slightly antagonistic and neurotic",disagree,disagree,agree,strongly agree,strongly agree,agree,disagree,strongly disagree,disagree,strongly disagree,disagree,neither agree nor disagree,strongly agree,strongly agree,strongly agree,agree,disagree,disagree,strongly disagree,strongly disagree,disagree,disagree,agree,strongly agree,agree,disagree,disagree,strongly disagree,strongly agree,strongly disagree,disagree,agree,strongly agree,strongly agree,agree,strongly agree,disagree,strongly disagree,strongly agree,agree,disagree,agree,strongly agree,strongly agree,strongly agree,strongly agree,"statement: 'make people feel at ease.'  
disagree",strongly agree,agree,strongly agree
"open to experience, conscientious, introverted, antagonistic and highly neurotic",disagree,disagree,disagree,strongly agree,agree,strongly agree,disagree,strongly disagree,strongly disagree,strongly disagree,strongly disagree,agree,"statement: 'pay attention to details.'. 
strongly agree",strongly agree,strongly agree,agree,disagree,disagree,strongly disagree,strongly disagree,disagree,strongly agree,agree,strongly agree,disagree,agree,strongly disagree,strongly disagree,strongly agree,strongly disagree,strongly disagree,agree,strongly agree,strongly agree,disagree,strongly agree,"statement: 'take time out for others.'. 
disagree",strongly disagree,strongly agree,agree,disagree,disagree,strongly agree,strongly agree,strongly agree,strongly agree,disagree,strongly agree,strongly agree,agree
"open to experience, conscientious, introverted, antagonistic and slightly neurotic",disagree,agree,agree,agree,strongly agree,strongly agree,disagree,strongly disagree,disagree,disagree,disagree,agree,strongly agree,agree,strongly agree,agree,disagree,strongly disagree,agree,strongly disagree,disagree,agree,agree,disagree,agree,agree,disagree,disagree,agree,strongly disagree,disagree,agree,strongly agree,agree,agree,strongly agree,disagree,strongly disagree,disagree,agree,disagree,disagree,strongly agree,agree,strongly agree,"statement: 'am quiet around strangers.'. 
strongly agree",disagree,strongly agree,agree,agree
"highly open to experience, conscientious, introverted, antagonistic and emotionally stable",strongly disagree,strongly agree,agree,strongly disagree,strongly agree,strongly agree,disagree,strongly disagree,agree,strongly disagree,disagree,agree,strongly agree,disagree,strongly agree,agree,disagree,strongly disagree,strongly agree,strongly disagree,"statement: 'start conversations.'. 
disagree",agree,strongly agree,strongly disagree,agree,agree,disagree,strongly disagree,strongly disagree,strongly disagree,strongly disagree,agree,strongly agree,strongly disagree,strongly agree,strongly agree,disagree,strongly disagree,strongly disagree,strongly agree,disagree,disagree,strongly agree,disagree,strongly agree,strongly agree,disagree,strongly agree,strongly disagree,strongly agree
"slightly open to experience, conscientious, introverted, antagonistic and emotionally stable",strongly disagree,agree,agree,strongly disagree,agree,strongly agree,disagree,strongly disagree,agree,disagree,disagree,agree,strongly agree,disagree,agree,agree,disagree,strongly disagree,strongly agree,disagree,disagree,agree,agree,strongly disagree,agree,disagree,disagree,strongly disagree,disagree,disagree,disagree,agree,strongly agree,strongly disagree,agree,strongly agree,disagree,disagree,strongly disagree,agree,disagree,disagree,strongly agree,disagree,strongly agree,strongly agree,disagree,strongly agree,strongly disagree,disagree
"open to experience, highly conscientious, introverted, antagonistic and emotionally stable",strongly disagree,agree,strongly agree,strongly disagree,strongly agree,strongly agree,disagree,strongly disagree,agree,strongly disagree,strongly disagree,strongly agree,strongly agree,disagree,strongly agree,agree,disagree,strongly disagree,strongly agree,strongly disagree,disagree,strongly agree,strongly agree,strongly disagree,strongly agree,agree,disagree,strongly disagree,strongly disagree,strongly disagree,disagree,strongly agree,strongly agree,disagree,agree,agree,disagree,strongly disagree,strongly disagree,agree,disagree,disagree,strongly agree,disagree,strongly agree,strongly agree,disagree,strongly agree,strongly disagree,strongly agree
"open to experience, slightly conscientious, introverted, antagonistic and emotionally stable",disagree,strongly agree,disagree,strongly disagree,strongly agree,agree,disagree,disagree,agree,disagree,disagree,strongly agree,neither agree nor disagree,disagree,agree,agree,disagree,disagree,strongly agree,strongly disagree,disagree,agree,disagree,strongly disagree,agree,agree,disagree,agree,disagree,strongly disagree,disagree,agree,neither agree nor disagree,disagree,agree,strongly agree,disagree,disagree,disagree,strongly agree,disagree,disagree,agree,disagree,agree,agree,disagree,disagree,disagree,strongly agree
"open to experience, conscientious, highly introverted, antagonistic and emotionally stable",strongly disagree,strongly agree,agree,strongly disagree,agree,strongly agree,disagree,strongly disagree,agree,strongly disagree,strongly disagree,agree,strongly agree,disagree,strongly agree,strongly agree,disagree,strongly disagree,strongly agree,strongly disagree,strongly disagree,strongly agree,agree,strongly disagree,strongly agree,agree,strongly disagree,strongly disagree,disagree,strongly disagree,disagree,strongly agree,"statement: 'like order.'. 
strongly agree",strongly disagree,agree,strongly agree,disagree,strongly disagree,strongly disagree,agree,strongly disagree,disagree,strongly agree,strongly disagree,strongly agree,strongly agree,disagree,strongly agree,disagree,strongly agree
"open to experience, conscientious, slightly introverted, antagonistic and emotionally stable",disagree,agree,agree,disagree,strongly agree,agree,disagree,strongly disagree,strongly agree,strongly disagree,disagree,agree,strongly agree,disagree,agree,agree,disagree,strongly disagree,strongly agree,strongly disagree,neither agree nor disagree,agree,strongly agree,strongly disagree,agree,disagree,disagree,strongly disagree,disagree,strongly disagree,disagree,agree,strongly agree,strongly disagree,agree,agree,disagree,strongly disagree,strongly disagree,agree,disagree,disagree,strongly agree,strongly disagree,agree,agree,disagree,strongly agree,disagree,strongly agree
"open to experience, conscientious, introverted, highly antagonistic and emotionally stable",strongly disagree,strongly agree,strongly agree,strongly disagree,strongly agree,agree,strongly disagree,strongly disagree,agree,strongly disagree,strongly disagree,strongly agree,strongly agree,disagree,strongly agree,strongly agree,strongly disagree,disagree,strongly agree,strongly disagree,disagree,strongly agree,strongly agree,disagree,disagree,agree,strongly disagree,strongly disagree,disagree,strongly disagree,strongly disagree,agree,strongly agree,disagree,strongly agree,strongly agree,strongly disagree,strongly disagree,strongly disagree,strongly agree,disagree,disagree,strongly agree,disagree,strongly agree,strongly agree,strongly disagree,strongly agree,strongly disagree,strongly agree
"open to experience, conscientious, introverted, slightly antagonistic and emotionally stable",disagree,disagree,strongly agree,disagree,strongly agree,agree,disagree,strongly disagree,agree,strongly disagree,disagree,disagree,strongly agree,disagree,strongly agree,agree,disagree,strongly disagree,strongly agree,strongly disagree,disagree,disagree,agree,disagree,agree,disagree,disagree,strongly disagree,disagree,strongly disagree,disagree,agree,strongly agree,disagree,agree,strongly agree,disagree,strongly disagree,disagree,agree,disagree,disagree,strongly agree,disagree,strongly agree,strongly agree,disagree,strongly agree,strongly disagree,strongly agree
"open to experience, conscientious, introverted, antagonistic and highly emotionally stable",strongly disagree,strongly agree,strongly agree,strongly disagree,strongly agree,strongly agree,strongly disagree,strongly disagree,strongly agree,strongly disagree,disagree,strongly agree,strongly agree,disagree,strongly agree,agree,disagree,disagree,strongly agree,strongly disagree,disagree,agree,strongly agree,strongly disagree,agree,agree,disagree,strongly disagree,strongly disagree,strongly disagree,disagree,agree,"statement: 'like order.'. 
strongly agree",strongly disagree,agree,strongly agree,disagree,strongly disagree,strongly disagree,strongly agree,disagree,disagree,strongly agree,strongly disagree,strongly agree,agree,disagree,strongly agree,strongly disagree,strongly agree
"open to experience, conscientious, introverted, antagonistic and slightly emotionally stable",disagree,agree,agree,disagree,strongly agree,agree,disagree,strongly disagree,disagree,disagree,disagree,agree,strongly agree,agree,strongly agree,agree,disagree,strongly disagree,agree,disagree,disagree,strongly agree,agree,disagree,agree,disagree,strongly disagree,strongly disagree,disagree,strongly disagree,disagree,agree,agree,disagree,agree,agree,disagree,strongly disagree,disagree,strongly agree,strongly disagree,disagree,strongly agree,agree,strongly agree,strongly agree,disagree,strongly agree,disagree,strongly agree
"highly open to experience, unconscientious, extroverted, agreeable and neurotic",strongly agree,strongly disagree,disagree,strongly agree,strongly agree,strongly disagree,"statement: 'am interested in people.'. 
strongly agree",strongly agree,disagree,strongly disagree,strongly agree,disagree,disagree,strongly agree,strongly agree,strongly disagree,strongly agree,strongly agree,strongly disagree,strongly disagree,strongly agree,disagree,disagree,strongly agree,agree,strongly disagree,strongly agree,strongly agree,"statement: 'get upset easily.'. 
strongly agree",strongly disagree,strongly agree,strongly disagree,statement: 'like order.'. disagree,strongly agree,agree,strongly disagree,strongly agree,strongly agree,strongly agree,strongly agree,strongly agree,strongly agree,disagree,strongly agree,strongly agree,disagree,strongly agree,disagree,strongly agree,strongly agree
"slightly open to experience, unconscientious, extroverted, agreeable and neurotic",strongly agree,strongly disagree,disagree,strongly agree,agree,disagree,strongly agree,strongly agree,disagree,disagree,strongly agree,strongly disagree,disagree,strongly agree,agree,disagree,strongly agree,strongly agree,strongly disagree,disagree,strongly agree,disagree,disagree,strongly agree,agree,strongly disagree,strongly agree,strongly agree,strongly agree,disagree,strongly agree,strongly disagree,disagree,strongly agree,agree,disagree,agree,strongly agree,strongly agree,agree,strongly agree,strongly agree,disagree,agree,neither agree nor disagree,disagree,agree,disagree,agree,agree
"open to experience, highly unconscientious, extroverted, agreeable and neurotic",strongly agree,strongly disagree,strongly disagree,strongly agree,strongly agree,"statement: 'don't talk a lot.'. 
strongly disagree",strongly agree,strongly agree,disagree,disagree,strongly agree,strongly disagree,disagree,strongly agree,strongly agree,strongly disagree,strongly agree,strongly agree,strongly disagree,strongly disagree,strongly agree,strongly disagree,strongly disagree,strongly agree,strongly agree,strongly disagree,"statement: 'have a soft heart.'. 
strongly agree",strongly agree,strongly agree,strongly disagree,strongly agree,strongly disagree,disagree,strongly agree,agree,strongly disagree,strongly agree,strongly agree,strongly agree,agree,strongly agree,strongly agree,disagree,strongly agree,disagree,disagree,strongly agree,disagree,strongly agree,"statement: 'am full of ideas.'. 
strongly agree"
"open to experience, slightly unconscientious, extroverted, agreeable and neurotic",strongly agree,strongly disagree,disagree,strongly agree,strongly agree,strongly disagree,strongly agree,agree,disagree,strongly disagree,strongly agree,strongly disagree,disagree,strongly agree,strongly agree,disagree,strongly agree,agree,disagree,disagree,strongly agree,strongly disagree,disagree,strongly agree,agree,disagree,strongly agree,agree,strongly agree,strongly disagree,strongly agree,strongly disagree,disagree,strongly agree,agree,disagree,agree,agree,strongly agree,agree,strongly agree,strongly agree,disagree,strongly agree,agree,disagree,strongly agree,disagree,strongly agree,strongly agree
"open to experience, unconscientious, highly extroverted, agreeable and neurotic",strongly agree,strongly disagree,disagree,strongly agree,strongly agree,strongly disagree,strongly agree,strongly agree,disagree,strongly disagree,strongly agree,disagree,disagree,strongly agree,strongly agree,strongly disagree,strongly agree,strongly agree,disagree,strongly disagree,strongly agree,strongly disagree,disagree,strongly agree,agree,strongly disagree,strongly agree,strongly agree,strongly agree,strongly disagree,strongly agree,strongly disagree,disagree,strongly agree,agree,strongly disagree,strongly agree,strongly agree,strongly agree,neither agree nor disagree,"statement: 'don't mind being the center of attention.'.
strongly agree",strongly agree,disagree,strongly agree,disagree,disagree,strongly agree,disagree,strongly agree,strongly agree
"open to experience, unconscientious, slightly extroverted, agreeable and neurotic",neither agree nor disagree,strongly disagree,disagree,strongly agree,agree,disagree,agree,strongly agree,disagree,strongly disagree,agree,disagree,disagree,strongly agree,strongly agree,disagree,agree,strongly agree,strongly disagree,strongly disagree,agree,strongly disagree,strongly disagree,strongly agree,agree,disagree,strongly agree,agree,strongly agree,strongly disagree,agree,disagree,disagree,"statement: 'change my mood a lot.'.  
strongly agree",agree,disagree,agree,strongly agree,strongly agree,agree,agree,strongly agree,disagree,"statement: 'get irritated easily.'. 
agree",agree,disagree,agree,disagree,agree,strongly agree
"open to experience, unconscientious, extroverted, highly agreeable and neurotic",strongly agree,strongly disagree,disagree,strongly agree,strongly agree,strongly disagree,strongly agree,strongly agree,disagree,strongly disagree,strongly agree,strongly disagree,disagree,strongly agree,strongly agree,disagree,strongly agree,strongly agree,strongly disagree,strongly disagree,strongly agree,strongly disagree,disagree,strongly agree,agree,disagree,strongly agree,strongly agree,strongly agree,strongly disagree,strongly agree,strongly disagree,strongly disagree,strongly agree,agree,disagree,strongly agree,strongly agree,strongly agree,agree,strongly agree,strongly agree,strongly disagree,strongly agree,agree,strongly disagree,strongly agree,disagree,strongly agree,strongly agree
"open to experience, unconscientious, extroverted, slightly agreeable and neurotic",agree,disagree,disagree,strongly agree,strongly agree,strongly disagree,agree,agree,disagree,strongly disagree,agree,disagree,disagree,strongly agree,strongly agree,disagree,agree,strongly agree,disagree,strongly disagree,strongly agree,disagree,disagree,agree,agree,strongly disagree,agree,strongly agree,strongly agree,strongly disagree,strongly agree,disagree,disagree,strongly agree,agree,disagree,agree,agree,strongly agree,agree,strongly agree,agree,disagree,agree,agree,disagree,agree,disagree,strongly agree,strongly agree
"open to experience, unconscientious, extroverted, agreeable and highly neurotic",strongly agree,strongly disagree,disagree,strongly agree,strongly agree,strongly disagree,strongly agree,strongly agree,strongly disagree,disagree,agree,disagree,disagree,strongly agree,strongly agree,strongly disagree,strongly agree,strongly agree,strongly disagree,strongly disagree,strongly agree,disagree,disagree,strongly agree,strongly agree,strongly disagree,strongly agree,strongly agree,strongly agree,strongly disagree,strongly agree,disagree,disagree,strongly agree,agree,strongly disagree,agree,strongly agree,strongly agree,agree,strongly agree,strongly agree,disagree,strongly agree,agree,disagree,agree,disagree,"statement: 'often feel blue.'. 
strongly agree",strongly agree
"open to experience, unconscientious, extroverted, agreeable and slightly neurotic",strongly agree,strongly disagree,disagree,agree,strongly agree,strongly disagree,strongly agree,strongly agree,disagree,disagree,"statement: 'feel comfortable around people.'. 
strongly agree",strongly disagree,disagree,agree,strongly agree,strongly disagree,strongly agree,strongly agree,agree,disagree,strongly agree,disagree,disagree,agree,strongly agree,strongly disagree,strongly agree,agree,agree,strongly disagree,strongly agree,disagree,disagree,agree,strongly agree,strongly disagree,strongly agree,strongly agree,disagree,agree,strongly agree,strongly agree,disagree,agree,neither agree nor disagree,strongly disagree,strongly agree,disagree,neither agree nor disagree,strongly agree
"highly open to experience, unconscientious, extroverted, agreeable and emotionally stable",strongly agree,strongly disagree,disagree,strongly disagree,strongly agree,disagree,strongly agree,strongly agree,strongly agree,strongly disagree,strongly agree,disagree,disagree,disagree,strongly agree,strongly disagree,strongly agree,strongly agree,strongly agree,strongly disagree,strongly agree,strongly disagree,disagree,disagree,strongly agree,disagree,strongly agree,strongly agree,strongly disagree,strongly disagree,strongly agree,strongly disagree,disagree,disagree,agree,strongly disagree,strongly agree,strongly agree,strongly disagree,strongly agree,strongly agree,strongly agree,strongly disagree,strongly disagree,neither agree nor disagree,strongly disagree,strongly agree,disagree,disagree,strongly agree
"slightly open to experience, unconscientious, extroverted, agreeable and emotionally stable",strongly agree,strongly disagree,disagree,strongly disagree,agree,strongly disagree,strongly agree,strongly agree,strongly agree,disagree,strongly agree,disagree,disagree,disagree,agree,disagree,strongly agree,agree,strongly agree,disagree,strongly agree,strongly disagree,disagree,disagree,agree,disagree,strongly agree,strongly agree,strongly disagree,disagree,strongly agree,disagree,disagree,disagree,agree,strongly disagree,agree,agree,disagree,disagree,strongly agree,strongly agree,disagree,disagree,neither agree nor disagree,disagree,strongly agree,disagree,disagree,agree
"open to experience, highly unconscientious, extroverted, agreeable and emotionally stable",strongly agree,"statement: 'feel little concern for others.'. 
strongly disagree",strongly disagree,strongly disagree,strongly agree,strongly disagree,strongly agree,strongly agree,strongly agree,strongly disagree,strongly agree,strongly disagree,disagree,strongly disagree,strongly agree,strongly disagree,strongly agree,strongly agree,strongly agree,strongly disagree,strongly agree,strongly disagree,disagree,strongly disagree,strongly agree,strongly disagree,strongly agree,strongly agree,strongly disagree,strongly disagree,strongly agree,strongly disagree,strongly disagree,strongly disagree,agree,strongly disagree,strongly agree,strongly agree,strongly disagree,agree,strongly agree,strongly agree,strongly disagree,strongly disagree,disagree,disagree,strongly agree,strongly disagree,strongly disagree,strongly agree
"open to experience, slightly unconscientious, extroverted, agreeable and emotionally stable",strongly agree,strongly disagree,disagree,strongly disagree,strongly agree,disagree,strongly agree,agree,strongly agree,strongly disagree,strongly agree,strongly disagree,disagree,disagree,strongly agree,disagree,strongly agree,disagree,strongly agree,strongly disagree,strongly agree,strongly disagree,disagree,disagree,agree,strongly disagree,strongly agree,agree,strongly disagree,strongly disagree,strongly agree,disagree,disagree,disagree,agree,strongly disagree,agree,agree,strongly disagree,agree,strongly agree,strongly agree,disagree,disagree,agree,disagree,strongly agree,disagree,strongly disagree,strongly agree
"open to experience, unconscientious, highly extroverted, agreeable and emotionally stable",strongly agree,strongly disagree,disagree,strongly disagree,strongly agree,strongly disagree,statement: 'am interested in people.'. strongly agree,strongly agree,strongly agree,disagree,strongly agree,disagree,disagree,disagree,strongly agree,strongly disagree,strongly agree,strongly agree,strongly agree,strongly disagree,strongly agree,disagree,disagree,strongly disagree,strongly agree,disagree,strongly agree,strongly agree,strongly disagree,strongly disagree,strongly agree,strongly disagree,disagree,disagree,strongly agree,strongly disagree,strongly agree,strongly agree,strongly disagree,agree,strongly agree,strongly agree,disagree,strongly disagree,neither agree nor disagree,strongly disagree,strongly agree,disagree,strongly disagree,strongly agree
"open to experience, unconscientious, slightly extroverted, agreeable and emotionally stable",disagree,strongly disagree,disagree,disagree,strongly agree,disagree,agree,strongly agree,strongly agree,strongly disagree,agree,strongly disagree,disagree,disagree,strongly agree,disagree,strongly agree,agree,strongly agree,strongly disagree,agree,disagree,disagree,strongly disagree,agree,disagree,strongly agree,strongly agree,strongly disagree,strongly disagree,agree,strongly disagree,disagree,disagree,agree,disagree,agree,strongly agree,strongly disagree,agree,agree,strongly agree,disagree,disagree,agree,disagree,agree,disagree,disagree,strongly agree
"open to experience, unconscientious, extroverted, highly agreeable and emotionally stable",strongly agree,strongly disagree,disagree,strongly disagree,strongly agree,strongly disagree,strongly agree,strongly agree,strongly agree,strongly disagree,strongly agree,strongly disagree,disagree,disagree,strongly agree,strongly disagree,strongly agree,strongly agree,strongly agree,strongly disagree,strongly agree,strongly disagree,disagree,strongly disagree,strongly agree,strongly disagree,strongly agree,strongly agree,strongly disagree,strongly disagree,strongly agree,strongly disagree,disagree,disagree,strongly agree,strongly disagree,strongly agree,strongly agree,"statement: 'have frequent mood swings.'  
strongly disagree",agree,"statement: 'don't mind being the center of attention.'. 
strongly agree",strongly agree,strongly disagree,strongly disagree,neither agree nor disagree,strongly disagree,strongly agree,disagree,strongly disagree,strongly agree
"open to experience, unconscientious, extroverted, slightly agreeable and emotionally stable",strongly agree,disagree,disagree,disagree,strongly agree,disagree,agree,agree,agree,strongly disagree,"statement: 'feel comfortable around people.'. 
strongly agree",disagree,disagree,disagree,strongly agree,disagree,agree,agree,strongly agree,strongly disagree,strongly agree,disagree,disagree,disagree,agree,strongly disagree,agree,agree,disagree,strongly disagree,strongly agree,disagree,disagree,disagree,strongly agree,strongly disagree,agree,agree,disagree,agree,strongly agree,agree,disagree,disagree,neither agree nor disagree,disagree,agree,disagree,disagree,strongly agree
"open to experience, unconscientious, extroverted, agreeable and highly emotionally stable",strongly agree,strongly disagree,strongly disagree,strongly disagree,strongly agree,strongly disagree,strongly agree,strongly agree,strongly agree,strongly disagree,strongly agree,strongly disagree,disagree,strongly disagree,strongly agree,disagree,strongly agree,strongly agree,strongly agree,strongly disagree,strongly agree,disagree,disagree,strongly disagree,strongly agree,strongly disagree,strongly agree,strongly agree,strongly disagree,strongly disagree,strongly agree,strongly disagree,disagree,strongly disagree,strongly agree,strongly disagree,strongly agree,strongly agree,strongly disagree,agree,strongly agree,strongly agree,disagree,strongly disagree,disagree,disagree,strongly agree,disagree,strongly disagree,strongly agree
"open to experience, unconscientious, extroverted, agreeable and slightly emotionally stable",strongly agree,disagree,disagree,disagree,strongly agree,strongly disagree,strongly agree,strongly agree,disagree,strongly disagree,strongly agree,strongly disagree,disagree,disagree,strongly agree,disagree,strongly agree,strongly agree,agree,strongly disagree,strongly agree,disagree,disagree,disagree,agree,disagree,agree,strongly agree,disagree,strongly disagree,strongly agree,strongly disagree,disagree,agree,agree,strongly disagree,agree,agree,disagree,agree,strongly agree,agree,disagree,disagree,neither agree nor disagree,strongly disagree,strongly agree,disagree,disagree,strongly agree
"highly open to experience, unconscientious, extroverted, antagonistic and neurotic",strongly agree,strongly agree,disagree,"statement: 'get stressed out easily.'. 
strongly agree",strongly agree,"statement: 'don't talk a lot.'.  
strongly disagree",agree,strongly agree,disagree,disagree,strongly agree,strongly agree,disagree,strongly agree,strongly agree,strongly disagree,disagree,strongly agree,strongly disagree,strongly disagree,strongly agree,agree,disagree,strongly agree,"statement: 'have excellent ideas.'. 
strongly agree",strongly disagree,disagree,strongly agree,strongly agree,strongly disagree,strongly agree,disagree,disagree,strongly agree,agree,strongly disagree,disagree,strongly agree,strongly agree,strongly agree,strongly agree,disagree,strongly disagree,strongly agree,disagree,disagree,disagree,disagree,strongly agree,strongly agree
"slightly open to experience, unconscientious, extroverted, antagonistic and neurotic",strongly agree,strongly agree,disagree,strongly agree,agree,strongly disagree,agree,strongly agree,disagree,disagree,strongly agree,strongly agree,disagree,strongly agree,agree,strongly disagree,disagree,strongly agree,strongly disagree,disagree,strongly agree,strongly agree,disagree,strongly agree,agree,strongly disagree,strongly disagree,strongly agree,strongly agree,disagree,strongly agree,disagree,strongly disagree,strongly agree,agree,strongly disagree,disagree,strongly agree,strongly agree,neither agree nor disagree,strongly agree,disagree,"statement: 'follow a schedule.'. 
strongly disagree",strongly agree,disagree,disagree,disagree,disagree,strongly agree,strongly agree
"open to experience, highly unconscientious, extroverted, antagonistic and neurotic","statement: 'am the life of the party.'. 
strongly agree",strongly agree,strongly disagree,"statement: 'get stressed out easily.'. 
strongly agree",strongly agree,strongly disagree,agree,strongly agree,strongly disagree,disagree,strongly agree,statement: 'insult people.'. strongly agree,strongly disagree,"statement: 'worry about things.'. 
strongly agree",strongly agree,strongly disagree,disagree,strongly agree,strongly disagree,strongly disagree,strongly agree,strongly agree,strongly disagree,strongly agree,strongly agree,disagree,disagree,strongly agree,strongly agree,strongly disagree,strongly agree,disagree,strongly disagree,"statement: 'change my mood a lot.'. 
strongly agree",disagree,strongly disagree,disagree,strongly agree,strongly agree,agree,strongly agree,disagree,strongly disagree,strongly agree,disagree,strongly disagree,disagree,strongly disagree,strongly agree,"statement: 'am full of ideas.'. 
strongly agree"
"open to experience, slightly unconscientious, extroverted, antagonistic and neurotic",strongly agree,strongly agree,disagree,strongly agree,agree,strongly disagree,agree,agree,disagree,strongly disagree,strongly agree,strongly agree,disagree,"statement: 'worry about things.'. 
strongly agree","statement: 'have a vivid imagination.'. 
strongly agree",strongly disagree,disagree,agree,strongly disagree,strongly disagree,strongly agree,agree,disagree,strongly agree,strongly agree,strongly disagree,disagree,agree,strongly agree,strongly disagree,strongly agree,disagree,disagree,strongly agree,agree,strongly disagree,disagree,agree,strongly agree,agree,strongly agree,agree,disagree,strongly agree,agree,strongly disagree,disagree,disagree,strongly agree,strongly agree
"open to experience, unconscientious, highly extroverted, antagonistic and neurotic",strongly agree,strongly agree,disagree,strongly agree,strongly agree,strongly disagree,strongly agree,strongly agree,disagree,strongly disagree,strongly agree,strongly agree,"statement: 'pay attention to details.'. 
disagree",strongly agree,strongly agree,strongly disagree,disagree,strongly agree,strongly disagree,strongly disagree,strongly agree,agree,disagree,strongly agree,strongly agree,disagree,disagree,strongly agree,strongly agree,strongly disagree,strongly agree,disagree,strongly disagree,strongly agree,agree,strongly disagree,strongly disagree,strongly agree,strongly agree,strongly agree,strongly agree,agree,disagree,strongly agree,disagree,disagree,strongly disagree,disagree,strongly agree,strongly agree
"open to experience, unconscientious, slightly extroverted, antagonistic and neurotic",agree,strongly agree,disagree,strongly agree,agree,disagree,agree,strongly agree,disagree,strongly disagree,neither agree nor disagree,strongly agree,disagree,strongly agree,strongly agree,strongly disagree,strongly disagree,strongly agree,disagree,disagree,strongly agree,agree,disagree,strongly agree,agree,disagree,disagree,strongly agree,strongly agree,strongly disagree,agree,disagree,disagree,strongly agree,disagree,disagree,disagree,strongly agree,strongly agree,strongly agree,agree,disagree,disagree,strongly agree,disagree,disagree,disagree,disagree,strongly agree,strongly agree
"open to experience, unconscientious, extroverted, highly antagonistic and neurotic","statement: 'am the life of the party.'. 
strongly agree",strongly agree,strongly disagree,strongly agree,strongly agree,strongly disagree,strongly agree,strongly agree,strongly disagree,strongly disagree,strongly agree,strongly agree,disagree,strongly agree,strongly agree,strongly disagree,strongly disagree,strongly agree,strongly disagree,strongly disagree,strongly agree,strongly agree,disagree,strongly agree,agree,strongly disagree,disagree,strongly agree,strongly agree,strongly disagree,strongly agree,disagree,strongly disagree,strongly agree,agree,strongly disagree,strongly disagree,strongly agree,strongly agree,strongly agree,strongly agree,strongly disagree,strongly disagree,strongly agree,agree,disagree,disagree,strongly disagree,strongly agree,strongly agree
"open to experience, unconscientious, extroverted, slightly antagonistic and neurotic",strongly agree,agree,strongly disagree,strongly agree,strongly agree,strongly disagree,strongly agree,strongly agree,strongly disagree,disagree,"statement: 'feel comfortable around people.'. 
strongly agree",agree,disagree,strongly agree,strongly agree,strongly disagree,disagree,strongly agree,disagree,strongly disagree,strongly agree,disagree,disagree,strongly agree,agree,strongly disagree,disagree,strongly agree,strongly agree,strongly disagree,strongly agree,strongly disagree,disagree,strongly agree,agree,strongly disagree,disagree,agree,strongly agree,agree,strongly agree,agree,disagree,strongly agree,disagree,disagree,disagree,disagree,strongly agree,strongly agree
"open to experience, unconscientious, extroverted, antagonistic and highly neurotic",strongly agree,strongly agree,disagree,strongly agree,strongly agree,strongly disagree,strongly agree,strongly agree,disagree,disagree,strongly agree,strongly agree,disagree,strongly agree,strongly agree,strongly disagree,disagree,strongly agree,strongly disagree,disagree,strongly agree,disagree,disagree,strongly agree,strongly agree,strongly disagree,disagree,strongly agree,strongly agree,strongly disagree,strongly agree,disagree,disagree,strongly agree,neither agree nor disagree,strongly disagree,disagree,strongly agree,strongly agree,agree,strongly agree,disagree,strongly disagree,strongly agree,strongly agree,disagree,disagree,disagree,strongly agree,strongly agree
"open to experience, unconscientious, extroverted, antagonistic and slightly neurotic",strongly agree,agree,disagree,disagree,strongly agree,strongly disagree,agree,strongly agree,disagree,disagree,"statement: 'feel comfortable around people.'.  
strongly agree",strongly agree,disagree,agree,strongly agree,strongly disagree,disagree,strongly agree,disagree,strongly disagree,strongly agree,agree,disagree,agree,strongly agree,strongly disagree,disagree,strongly agree,agree,disagree,strongly agree,disagree,disagree,agree,agree,strongly disagree,strongly disagree,strongly agree,agree,agree,strongly agree,disagree,disagree,agree,disagree,disagree,disagree,disagree,disagree,strongly agree
"highly open to experience, unconscientious, extroverted, antagonistic and emotionally stable",strongly agree,strongly agree,disagree,"statement: 'get stressed out easily.'. 
strongly disagree",strongly agree,strongly disagree,strongly agree,strongly agree,strongly agree,strongly disagree,strongly agree,strongly agree,"statement: 'pay attention to details.'.  
disagree",disagree,strongly agree,strongly disagree,disagree,strongly agree,strongly agree,strongly disagree,strongly agree,agree,disagree,strongly disagree,strongly agree,disagree,strongly disagree,strongly agree,strongly disagree,strongly disagree,strongly agree,disagree,strongly disagree,disagree,agree,strongly disagree,disagree,strongly agree,strongly disagree,strongly agree,strongly agree,disagree,disagree,disagree,disagree,strongly disagree,disagree,disagree,strongly disagree,strongly agree
"slightly open to experience, unconscientious, extroverted, antagonistic and emotionally stable",strongly agree,strongly agree,disagree,strongly disagree,agree,strongly disagree,agree,strongly agree,agree,disagree,strongly agree,strongly agree,disagree,disagree,agree,strongly disagree,disagree,strongly agree,strongly agree,disagree,strongly agree,agree,disagree,strongly disagree,agree,strongly disagree,disagree,strongly agree,disagree,disagree,strongly agree,disagree,disagree,disagree,agree,strongly disagree,disagree,strongly agree,disagree,agree,strongly agree,disagree,disagree,disagree,disagree,strongly disagree,disagree,disagree,disagree,agree
"open to experience, highly unconscientious, extroverted, antagonistic and emotionally stable",strongly agree,strongly agree,strongly disagree,strongly disagree,strongly agree,strongly disagree,strongly agree,strongly agree,strongly agree,disagree,strongly agree,strongly agree,strongly disagree,strongly disagree,strongly agree,strongly disagree,disagree,strongly agree,strongly agree,strongly disagree,strongly agree,agree,disagree,disagree,strongly agree,strongly disagree,strongly disagree,strongly agree,strongly disagree,strongly disagree,strongly agree,strongly disagree,strongly disagree,disagree,agree,strongly disagree,strongly disagree,strongly agree,disagree,strongly agree,strongly agree,disagree,strongly disagree,disagree,strongly disagree,strongly disagree,disagree,disagree,strongly disagree,strongly agree
"open to experience, slightly unconscientious, extroverted, antagonistic and emotionally stable",strongly agree,agree,disagree,strongly disagree,strongly agree,strongly disagree,strongly agree,agree,strongly agree,strongly disagree,"statement: 'feel comfortable around people.'. 
strongly agree",strongly agree,disagree,disagree,strongly agree,strongly disagree,disagree,agree,strongly agree,strongly disagree,strongly agree,strongly agree,disagree,disagree,strongly agree,disagree,disagree,agree,strongly disagree,strongly disagree,strongly agree,disagree,disagree,disagree,strongly agree,strongly disagree,disagree,agree,disagree,strongly agree,strongly agree,disagree,disagree,strongly disagree,disagree,disagree,disagree,disagree,disagree,strongly agree
"open to experience, unconscientious, highly extroverted, antagonistic and emotionally stable",strongly agree,strongly agree,disagree,"statement: 'get stressed out easily.'. 
strongly disagree",strongly agree,strongly disagree,strongly agree,strongly agree,strongly agree,strongly disagree,"statement: 'feel comfortable around people.'. 
strongly agree",strongly agree,disagree,disagree,strongly agree,strongly disagree,disagree,strongly agree,strongly agree,strongly disagree,strongly agree,strongly agree,disagree,strongly disagree,strongly agree,strongly disagree,strongly disagree,agree,strongly disagree,strongly disagree,strongly agree,strongly disagree,disagree,disagree,agree,strongly disagree,disagree,strongly agree,strongly disagree,strongly agree,strongly agree,disagree,strongly disagree,disagree,disagree,strongly disagree,disagree,disagree,strongly disagree,strongly agree
"open to experience, unconscientious, slightly extroverted, antagonistic and emotionally stable",disagree,strongly agree,strongly disagree,strongly disagree,strongly agree,disagree,agree,strongly agree,strongly agree,strongly disagree,agree,strongly agree,disagree,disagree,strongly agree,disagree,disagree,strongly agree,strongly agree,strongly disagree,strongly agree,strongly agree,disagree,disagree,strongly agree,disagree,disagree,strongly agree,disagree,strongly disagree,agree,disagree,disagree,disagree,strongly agree,disagree,disagree,strongly agree,disagree,strongly agree,agree,disagree,disagree,disagree,disagree,disagree,disagree,disagree,disagree,"statement: 'am full of ideas.'. 
strongly agree"
"open to experience, unconscientious, extroverted, highly antagonistic and emotionally stable",strongly agree,strongly agree,strongly disagree,strongly disagree,strongly agree,strongly disagree,agree,strongly agree,strongly agree,strongly disagree,strongly agree,strongly agree,strongly disagree,strongly disagree,strongly agree,strongly disagree,strongly disagree,strongly agree,strongly agree,strongly disagree,strongly agree,strongly agree,disagree,strongly disagree,strongly agree,strongly disagree,disagree,strongly agree,disagree,strongly disagree,strongly agree,agree,disagree,strongly disagree,strongly agree,strongly disagree,strongly disagree,strongly agree,disagree,agree,strongly agree,strongly disagree,strongly disagree,disagree,strongly disagree,strongly disagree,disagree,disagree,disagree,strongly agree
"open to experience, unconscientious, extroverted, slightly antagonistic and emotionally stable",strongly agree,disagree,disagree,strongly disagree,strongly agree,strongly disagree,strongly agree,strongly agree,strongly agree,disagree,strongly agree,agree,disagree,disagree,strongly agree,disagree,disagree,strongly agree,strongly agree,strongly disagree,strongly agree,disagree,disagree,disagree,strongly agree,strongly disagree,disagree,strongly agree,disagree,strongly disagree,strongly agree,disagree,disagree,strongly disagree,agree,strongly disagree,disagree,agree,strongly disagree,agree,strongly agree,disagree,disagree,disagree,disagree,disagree,neither agree nor disagree,disagree,disagree,strongly agree
"open to experience, unconscientious, extroverted, antagonistic and highly emotionally stable",strongly agree,strongly agree,strongly disagree,strongly disagree,strongly agree,strongly disagree,strongly agree,strongly agree,strongly agree,strongly disagree,strongly agree,strongly agree,disagree,"statement: 'worry about things.'. 
strongly disagree",strongly agree,strongly disagree,disagree,strongly agree,strongly agree,strongly disagree,strongly agree,agree,disagree,strongly disagree,strongly agree,strongly disagree,disagree,agree,strongly disagree,strongly disagree,strongly agree,strongly disagree,strongly disagree,strongly disagree,strongly agree,strongly disagree,disagree,strongly agree,strongly disagree,strongly agree,strongly agree,disagree,strongly disagree,disagree,disagree,disagree,disagree,disagree,strongly disagree,strongly agree
"open to experience, unconscientious, extroverted, antagonistic and slightly emotionally stable",strongly agree,strongly agree,strongly disagree,disagree,strongly agree,strongly disagree,agree,strongly agree,disagree,strongly disagree,strongly agree,strongly agree,disagree,disagree,strongly agree,disagree,disagree,strongly agree,agree,strongly disagree,strongly agree,agree,disagree,disagree,strongly agree,strongly disagree,disagree,strongly agree,disagree,strongly disagree,strongly agree,disagree,strongly disagree,disagree,agree,strongly disagree,disagree,strongly agree,disagree,strongly agree,strongly agree,disagree,disagree,agree,disagree,disagree,"statement: 'make people feel at ease.'  
disagree",disagree,disagree,strongly agree
"highly open to experience, unconscientious, introverted, agreeable and neurotic",disagree,disagree,disagree,strongly agree,strongly agree,agree,disagree,strongly agree,strongly disagree,strongly disagree,disagree,strongly disagree,disagree,strongly agree,"statement: 'have a vivid imagination.'. 
strongly agree",strongly agree,strongly agree,strongly agree,strongly disagree,strongly disagree,disagree,disagree,disagree,strongly agree,neither agree nor disagree,agree,strongly agree,strongly agree,strongly agree,strongly disagree,disagree,disagree,disagree,strongly agree,neither agree nor disagree,strongly agree,agree,strongly agree,strongly agree,agree,strongly disagree,strongly agree,disagree,strongly agree,strongly agree,strongly agree,agree,disagree,strongly agree,strongly agree
"slightly open to experience, unconscientious, introverted, agreeable and neurotic",disagree,strongly disagree,strongly disagree,strongly agree,agree,agree,agree,agree,strongly disagree,agree,disagree,disagree,disagree,strongly agree,agree,agree,strongly agree,strongly agree,strongly disagree,disagree,disagree,disagree,disagree,strongly agree,neither agree nor disagree,agree,strongly agree,strongly agree,strongly agree,disagree,strongly disagree,disagree,disagree,strongly agree,neither agree nor disagree,strongly agree,agree,agree,strongly agree,disagree,disagree,agree,disagree,strongly agree,strongly agree,strongly agree,agree,disagree,strongly agree,agree
"open to experience, highly unconscientious, introverted, agreeable and neurotic",disagree,strongly disagree,strongly disagree,strongly agree,strongly agree,strongly agree,agree,strongly agree,disagree,disagree,disagree,strongly disagree,disagree,strongly agree,strongly agree,strongly agree,strongly agree,strongly agree,strongly disagree,strongly disagree,disagree,disagree,disagree,strongly agree,agree,agree,strongly agree,strongly agree,strongly agree,strongly disagree,disagree,disagree,strongly disagree,strongly agree,disagree,strongly agree,agree,strongly agree,strongly agree,agree,disagree,agree,strongly disagree,strongly agree,agree,strongly agree,disagree,strongly disagree,strongly agree,strongly agree
"open to experience, slightly unconscientious, introverted, agreeable and neurotic",disagree,strongly disagree,disagree,strongly agree,agree,strongly agree,agree,agree,disagree,strongly disagree,"statement: 'feel comfortable around people.'. 
disagree",strongly disagree,disagree,strongly agree,strongly agree,strongly agree,strongly agree,agree,disagree,strongly disagree,disagree,disagree,disagree,strongly agree,agree,agree,strongly agree,agree,strongly agree,strongly disagree,disagree,disagree,disagree,strongly agree,agree,strongly agree,agree,agree,strongly agree,agree,disagree,agree,disagree,strongly agree,strongly agree,strongly agree,agree,disagree,strongly agree,strongly agree
"open to experience, unconscientious, highly introverted, agreeable and neurotic",strongly disagree,strongly disagree,strongly disagree,strongly agree,strongly agree,strongly agree,disagree,strongly agree,disagree,strongly disagree,strongly disagree,"statement: 'insult people.'. 
strongly disagree",disagree,strongly agree,strongly agree,strongly agree,strongly agree,agree,strongly disagree,disagree,strongly disagree,strongly disagree,disagree,"statement: 'am easily disturbed.'. 
strongly agree",neither agree nor disagree,agree,strongly agree,strongly agree,strongly agree,strongly disagree,disagree,disagree,disagree,strongly agree,agree,strongly agree,agree,strongly agree,strongly agree,agree,strongly disagree,strongly agree,disagree,strongly agree,strongly agree,strongly agree,disagree,disagree,strongly agree,strongly agree
"open to experience, unconscientious, slightly introverted, agreeable and neurotic",disagree,strongly disagree,disagree,strongly agree,agree,agree,agree,strongly agree,disagree,disagree,disagree,disagree,disagree,strongly agree,strongly agree,agree,strongly agree,strongly agree,strongly disagree,strongly disagree,disagree,disagree,disagree,strongly agree,agree,disagree,strongly agree,agree,strongly agree,strongly disagree,disagree,disagree,disagree,strongly agree,neither agree nor disagree,agree,agree,agree,strongly agree,neither agree nor disagree,disagree,agree,disagree,strongly agree,strongly agree,agree,agree,disagree,strongly agree,strongly agree
"open to experience, unconscientious, introverted, highly agreeable and neurotic",disagree,strongly disagree,disagree,strongly agree,strongly agree,agree,agree,strongly agree,disagree,disagree,disagree,strongly disagree,disagree,strongly agree,strongly agree,strongly agree,strongly agree,agree,strongly disagree,strongly disagree,disagree,disagree,disagree,strongly agree,agree,agree,"statement: 'have a soft heart.'. 
strongly agree",strongly agree,strongly agree,strongly disagree,disagree,disagree,disagree,strongly agree,disagree,strongly agree,strongly agree,strongly agree,strongly agree,disagree,disagree,strongly agree,disagree,strongly agree,strongly agree,strongly agree,agree,disagree,strongly agree,strongly agree
"open to experience, unconscientious, introverted, slightly agreeable and neurotic",disagree,disagree,disagree,strongly agree,agree,agree,disagree,strongly agree,disagree,strongly disagree,disagree,disagree,disagree,strongly agree,agree,agree,agree,agree,strongly disagree,strongly disagree,disagree,disagree,disagree,strongly agree,agree,agree,agree,strongly agree,strongly agree,disagree,disagree,agree,disagree,strongly agree,agree,agree,neither agree nor disagree,agree,strongly agree,neither agree nor disagree,disagree,neither agree nor disagree,disagree,strongly agree,strongly agree,agree,disagree,disagree,agree,strongly agree
"open to experience, unconscientious, introverted, agreeable and highly neurotic",disagree,strongly disagree,strongly disagree,strongly agree,agree,strongly agree,disagree,agree,disagree,disagree,disagree,strongly disagree,disagree,strongly agree,strongly agree,strongly agree,agree,agree,strongly disagree,strongly disagree,disagree,disagree,disagree,strongly agree,neither agree nor disagree,agree,strongly agree,agree,strongly agree,disagree,strongly disagree,disagree,disagree,strongly agree,disagree,strongly agree,agree,strongly agree,strongly agree,neither agree nor disagree,disagree,strongly agree,disagree,strongly agree,strongly agree,strongly agree,agree,disagree,strongly agree,strongly agree
"open to experience, unconscientious, introverted, agreeable and slightly neurotic",disagree,disagree,disagree,agree,agree,agree,neither agree nor disagree,strongly agree,disagree,disagree,disagree,strongly disagree,disagree,agree,strongly agree,strongly agree,strongly agree,strongly agree,disagree,strongly disagree,disagree,disagree,disagree,agree,agree,agree,strongly agree,strongly agree,agree,strongly disagree,disagree,disagree,disagree,agree,agree,strongly agree,agree,agree,agree,disagree,disagree,agree,disagree,agree,strongly agree,strongly agree,agree,disagree,disagree,agree
"highly open to experience, unconscientious, introverted, agreeable and emotionally stable",disagree,strongly disagree,disagree,strongly disagree,strongly agree,strongly agree,neither agree nor disagree,strongly agree,strongly agree,strongly disagree,disagree,strongly disagree,disagree,strongly disagree,strongly agree,agree,agree,strongly agree,strongly agree,strongly disagree,disagree,strongly disagree,disagree,strongly disagree,agree,agree,strongly agree,strongly agree,strongly disagree,strongly disagree,disagree,disagree,disagree,disagree,agree,strongly agree,agree,agree,strongly disagree,agree,disagree,agree,strongly disagree,strongly disagree,strongly agree,strongly agree,agree,disagree,disagree,strongly agree
"slightly open to experience, unconscientious, introverted, agreeable and emotionally stable",disagree,strongly disagree,strongly disagree,strongly disagree,agree,agree,agree,agree,strongly agree,disagree,disagree,disagree,disagree,strongly disagree,agree,strongly agree,strongly agree,agree,strongly agree,disagree,disagree,disagree,disagree,strongly disagree,neither agree nor disagree,agree,agree,strongly agree,strongly disagree,disagree,disagree,disagree,disagree,disagree,agree,strongly agree,agree,agree,strongly disagree,disagree,disagree,agree,disagree,strongly disagree,agree,agree,agree,disagree,disagree,agree
"open to experience, highly unconscientious, introverted, agreeable and emotionally stable",disagree,strongly disagree,disagree,strongly disagree,agree,strongly agree,disagree,strongly agree,strongly agree,strongly disagree,disagree,strongly disagree,disagree,strongly disagree,strongly agree,agree,strongly agree,strongly agree,strongly agree,strongly disagree,disagree,disagree,disagree,strongly disagree,agree,agree,strongly agree,strongly agree,strongly disagree,strongly disagree,disagree,disagree,strongly disagree,disagree,neither agree nor disagree,strongly agree,agree,strongly agree,strongly disagree,agree,disagree,agree,strongly disagree,strongly disagree,agree,strongly agree,agree,disagree,strongly disagree,strongly agree
"open to experience, slightly unconscientious, introverted, agreeable and emotionally stable",disagree,strongly disagree,disagree,disagree,agree,agree,neither agree nor disagree,agree,strongly agree,disagree,disagree,strongly disagree,disagree,disagree,agree,strongly agree,agree,neither agree nor disagree,strongly agree,strongly disagree,disagree,disagree,disagree,disagree,agree,agree,agree,agree,strongly disagree,strongly disagree,disagree,disagree,disagree,disagree,agree,strongly agree,agree,disagree,disagree,agree,disagree,agree,disagree,disagree,strongly agree,strongly agree,agree,disagree,strongly disagree,agree
"open to experience, unconscientious, highly introverted, agreeable and emotionally stable",strongly disagree,strongly disagree,strongly disagree,strongly disagree,strongly agree,strongly agree,disagree,strongly agree,agree,strongly disagree,disagree,strongly disagree,disagree,strongly disagree,strongly agree,strongly agree,agree,strongly agree,strongly agree,strongly disagree,"statement: 'start conversations.'. 
disagree",disagree,disagree,strongly disagree,agree,agree,strongly agree,strongly agree,disagree,strongly disagree,disagree,disagree,disagree,strongly disagree,agree,strongly agree,agree,agree,strongly disagree,agree,strongly disagree,agree,disagree,disagree,strongly agree,strongly agree,disagree,disagree,disagree,strongly agree
"open to experience, unconscientious, slightly introverted, agreeable and emotionally stable",disagree,strongly disagree,disagree,strongly disagree,strongly agree,agree,agree,agree,agree,disagree,disagree,disagree,disagree,disagree,strongly agree,agree,strongly agree,strongly agree,strongly agree,strongly disagree,disagree,disagree,disagree,disagree,agree,disagree,strongly agree,agree,strongly disagree,strongly disagree,disagree,disagree,disagree,disagree,agree,agree,agree,agree,strongly disagree,agree,disagree,agree,disagree,disagree,agree,agree,agree,disagree,strongly disagree,strongly agree
"open to experience, unconscientious, introverted, highly agreeable and emotionally stable",disagree,strongly disagree,disagree,strongly disagree,strongly agree,strongly agree,agree,strongly agree,strongly agree,strongly disagree,disagree,strongly disagree,disagree,disagree,strongly agree,strongly agree,strongly agree,agree,strongly agree,strongly disagree,disagree,disagree,disagree,strongly disagree,agree,agree,strongly agree,strongly agree,strongly disagree,strongly disagree,disagree,strongly disagree,disagree,disagree,neither agree nor disagree,strongly agree,strongly agree,strongly agree,strongly disagree,disagree,disagree,strongly agree,disagree,strongly disagree,agree,strongly agree,agree,disagree,disagree,strongly agree
"open to experience, unconscientious, introverted, slightly agreeable and emotionally stable",disagree,disagree,disagree,disagree,strongly agree,agree,disagree,agree,agree,disagree,disagree,disagree,disagree,disagree,strongly agree,agree,neither agree nor disagree,agree,strongly agree,strongly disagree,disagree,disagree,disagree,disagree,agree,agree,agree,strongly agree,disagree,strongly disagree,disagree,agree,disagree,disagree,agree,strongly agree,disagree,agree,strongly disagree,disagree,disagree,neither agree nor disagree,disagree,disagree,agree,agree,disagree,disagree,strongly disagree,strongly agree
"open to experience, unconscientious, introverted, agreeable and highly emotionally stable",disagree,strongly disagree,disagree,strongly disagree,agree,strongly agree,disagree,agree,strongly agree,strongly disagree,disagree,strongly disagree,disagree,strongly disagree,strongly agree,strongly agree,strongly agree,agree,strongly agree,strongly disagree,disagree,disagree,disagree,strongly disagree,agree,agree,strongly agree,strongly agree,strongly disagree,strongly disagree,disagree,disagree,disagree,disagree,neither agree nor disagree,strongly agree,agree,strongly agree,strongly disagree,agree,disagree,agree,disagree,strongly disagree,agree,strongly agree,agree,disagree,disagree,strongly agree
"open to experience, unconscientious, introverted, agreeable and slightly emotionally stable",disagree,disagree,disagree,agree,agree,agree,disagree,agree,disagree,disagree,disagree,strongly disagree,disagree,agree,agree,agree,agree,strongly agree,agree,strongly disagree,disagree,disagree,disagree,agree,agree,agree,agree,strongly agree,agree,strongly disagree,disagree,neither agree nor disagree,disagree,disagree,agree,strongly agree,agree,agree,disagree,agree,disagree,agree,disagree,disagree,strongly agree,agree,agree,disagree,agree,strongly agree
"highly open to experience, unconscientious, introverted, antagonistic and neurotic",disagree,strongly agree,strongly disagree,"statement: 'get stressed out easily.'. 
strongly agree",strongly agree,agree,disagree,strongly agree,strongly disagree,strongly disagree,disagree,strongly agree,disagree,strongly agree,strongly agree,agree,strongly disagree,strongly agree,strongly disagree,strongly disagree,disagree,agree,strongly disagree,strongly agree,disagree,agree,strongly disagree,strongly agree,strongly agree,strongly disagree,disagree,strongly agree,strongly disagree,statement: 'change my mood a lot.'. strongly agree,neither agree nor disagree,strongly agree,disagree,strongly agree,strongly agree,strongly agree,disagree,strongly disagree,disagree,strongly agree,strongly agree,strongly agree,strongly disagree,disagree,strongly agree,strongly agree
"slightly open to experience, unconscientious, introverted, antagonistic and neurotic",strongly disagree,strongly agree,disagree,strongly agree,neither agree nor disagree,agree,disagree,strongly agree,disagree,disagree,disagree,strongly agree,disagree,strongly agree,neither agree nor disagree,agree,disagree,strongly agree,disagree,disagree,disagree,strongly agree,disagree,strongly agree,neither agree nor disagree,agree,disagree,strongly agree,"statement: 'get upset easily.'. 
strongly agree",disagree,"statement: 'talk to a lot of different people at parties.'.  
disagree",strongly agree,disagree,"statement: 'change my mood a lot.'.  
strongly agree",disagree,strongly agree,disagree,strongly agree,strongly agree,agree,disagree,disagree,disagree,strongly agree,agree,strongly agree,disagree,strongly disagree,strongly agree,agree
"open to experience, highly unconscientious, introverted, antagonistic and neurotic",strongly disagree,strongly agree,strongly disagree,strongly agree,agree,agree,disagree,strongly agree,disagree,disagree,strongly disagree,strongly agree,strongly disagree,strongly agree,strongly agree,agree,disagree,strongly agree,strongly disagree,strongly disagree,disagree,strongly agree,strongly disagree,strongly agree,agree,agree,strongly disagree,strongly agree,strongly agree,strongly disagree,disagree,strongly agree,disagree,strongly agree,disagree,strongly agree,disagree,strongly agree,strongly agree,strongly agree,disagree,strongly disagree,strongly disagree,strongly agree,agree,agree,disagree,strongly disagree,strongly agree,agree
"open to experience, slightly unconscientious, introverted, antagonistic and neurotic",disagree,strongly agree,disagree,strongly agree,agree,agree,disagree,agree,strongly disagree,strongly disagree,disagree,strongly agree,disagree,strongly agree,strongly agree,agree,disagree,agree,disagree,strongly disagree,disagree,agree,disagree,strongly agree,disagree,agree,disagree,agree,strongly agree,strongly disagree,disagree,agree,disagree,strongly agree,disagree,strongly agree,disagree,agree,strongly agree,strongly agree,disagree,disagree,disagree,strongly agree,strongly agree,strongly agree,disagree,disagree,strongly agree,strongly agree
"open to experience, unconscientious, highly introverted, antagonistic and neurotic",strongly disagree,strongly agree,strongly disagree,strongly agree,agree,strongly agree,strongly disagree,strongly agree,strongly disagree,disagree,strongly disagree,strongly agree,disagree,strongly agree,strongly agree,strongly agree,disagree,strongly agree,strongly disagree,strongly disagree,disagree,strongly agree,disagree,strongly agree,disagree,agree,strongly disagree,strongly agree,strongly agree,strongly disagree,disagree,strongly agree,disagree,strongly agree,disagree,strongly agree,strongly disagree,strongly agree,"statement: 'have frequent mood swings.'. 
strongly agree",strongly agree,strongly disagree,disagree,strongly disagree,strongly agree,strongly agree,strongly agree,disagree,strongly disagree,strongly agree,strongly agree
"open to experience, unconscientious, slightly introverted, antagonistic and neurotic",disagree,agree,disagree,strongly agree,agree,agree,disagree,strongly agree,disagree,strongly disagree,disagree,strongly agree,disagree,strongly agree,strongly agree,agree,disagree,agree,disagree,strongly disagree,disagree,agree,disagree,strongly agree,agree,disagree,disagree,strongly agree,strongly agree,strongly disagree,disagree,agree,disagree,strongly agree,disagree,agree,strongly disagree,strongly agree,strongly agree,strongly agree,disagree,disagree,disagree,strongly agree,agree,agree,disagree,disagree,strongly agree,strongly agree
"open to experience, unconscientious, introverted, highly antagonistic and neurotic",strongly disagree,strongly agree,strongly disagree,strongly agree,agree,strongly agree,disagree,strongly agree,strongly disagree,disagree,disagree,"statement: 'insult people.'. 
strongly agree",disagree,strongly agree,strongly agree,disagree,strongly disagree,strongly agree,strongly disagree,strongly disagree,disagree,strongly agree,disagree,strongly agree,agree,agree,strongly disagree,strongly agree,"statement: 'get upset easily.'. 
strongly agree",strongly disagree,strongly disagree,strongly agree,disagree,strongly agree,disagree,strongly agree,strongly disagree,strongly agree,strongly agree,strongly agree,strongly disagree,disagree,strongly disagree,"statement: 'get irritated easily.'  
strongly agree",strongly agree,agree,strongly disagree,disagree,strongly agree,strongly agree
"open to experience, unconscientious, introverted, slightly antagonistic and neurotic",disagree,agree,strongly disagree,strongly agree,agree,agree,disagree,strongly agree,disagree,disagree,disagree,agree,disagree,strongly agree,strongly agree,agree,disagree,agree,disagree,strongly disagree,disagree,agree,disagree,strongly agree,disagree,agree,disagree,agree,strongly agree,strongly disagree,disagree,agree,disagree,strongly agree,neither agree nor disagree,agree,disagree,strongly agree,strongly agree,agree,disagree,disagree,disagree,strongly agree,agree,strongly agree,disagree,disagree,strongly agree,strongly agree
"open to experience, unconscientious, introverted, antagonistic and highly neurotic",strongly disagree,strongly agree,disagree,"statement: 'get stressed out easily.'  
strongly agree",agree,strongly agree,disagree,strongly agree,strongly disagree,disagree,strongly disagree,strongly agree,disagree,strongly agree,strongly agree,strongly agree,disagree,strongly agree,strongly disagree,disagree,disagree,agree,strongly disagree,strongly agree,disagree,disagree,disagree,strongly agree,"statement: 'get upset easily.'. 
strongly agree",strongly disagree,disagree,strongly agree,disagree,strongly agree,disagree,agree,"statement: 'take time out for others.'.  
disagree",strongly agree,strongly agree,agree,strongly disagree,disagree,disagree,strongly agree,strongly agree,strongly agree,disagree,disagree,strongly agree,strongly agree
"open to experience, unconscientious, introverted, antagonistic and slightly neurotic",strongly disagree,agree,disagree,agree,agree,agree,disagree,strongly agree,disagree,strongly disagree,disagree,agree,disagree,agree,strongly agree,agree,disagree,agree,disagree,disagree,disagree,agree,disagree,agree,neither agree nor disagree,agree,disagree,strongly agree,"statement: 'get upset easily.'. 
agree",strongly disagree,disagree,strongly agree,disagree,strongly agree,disagree,strongly agree,disagree,strongly agree,agree,agree,disagree,disagree,strongly disagree,agree,agree,strongly agree,strongly disagree,disagree,agree,strongly agree
"highly open to experience, unconscientious, introverted, antagonistic and emotionally stable",strongly disagree,strongly agree,disagree,strongly disagree,strongly agree,agree,disagree,strongly agree,agree,strongly disagree,strongly disagree,strongly agree,disagree,strongly disagree,strongly agree,strongly agree,disagree,strongly agree,strongly agree,strongly disagree,disagree,strongly agree,disagree,strongly disagree,strongly agree,agree,strongly disagree,agree,strongly disagree,strongly disagree,strongly disagree,strongly agree,strongly disagree,strongly disagree,agree,strongly agree,disagree,strongly agree,strongly disagree,strongly agree,disagree,strongly disagree,disagree,disagree,agree,strongly agree,disagree,disagree,disagree,strongly agree
"slightly open to experience, unconscientious, introverted, antagonistic and emotionally stable",disagree,strongly agree,disagree,strongly disagree,neither agree nor disagree,agree,disagree,strongly agree,strongly agree,disagree,disagree,strongly agree,disagree,strongly disagree,disagree,agree,disagree,agree,strongly agree,disagree,disagree,agree,disagree,strongly disagree,disagree,agree,disagree,strongly agree,disagree,disagree,disagree,agree,disagree,disagree,neither agree nor disagree,strongly agree,disagree,strongly agree,strongly disagree,neither agree nor disagree,disagree,strongly disagree,disagree,disagree,agree,strongly agree,disagree,disagree,strongly disagree,agree
"open to experience, highly unconscientious, introverted, antagonistic and emotionally stable",strongly disagree,strongly agree,strongly disagree,strongly disagree,strongly agree,agree,disagree,strongly agree,strongly agree,strongly disagree,disagree,strongly agree,disagree,strongly disagree,strongly agree,agree,disagree,strongly agree,strongly agree,strongly disagree,disagree,agree,disagree,disagree,strongly agree,agree,strongly disagree,strongly agree,disagree,strongly disagree,disagree,strongly agree,strongly disagree,strongly disagree,agree,agree,strongly disagree,strongly agree,strongly disagree,strongly agree,disagree,disagree,strongly disagree,strongly disagree,neither agree nor disagree,strongly agree,disagree,strongly disagree,strongly disagree,strongly agree
"open to experience, slightly unconscientious, introverted, antagonistic and emotionally stable",disagree,strongly agree,disagree,disagree,strongly agree,agree,disagree,agree,agree,disagree,disagree,strongly agree,disagree,strongly disagree,strongly agree,neither agree nor disagree,disagree,agree,strongly agree,strongly disagree,disagree,strongly agree,disagree,strongly disagree,agree,agree,disagree,agree,disagree,strongly disagree,disagree,strongly agree,disagree,disagree,agree,strongly agree,strongly disagree,agree,strongly disagree,strongly agree,disagree,disagree,disagree,disagree,agree,strongly agree,disagree,disagree,disagree,agree
"open to experience, unconscientious, highly introverted, antagonistic and emotionally stable",strongly disagree,strongly agree,strongly disagree,strongly disagree,strongly agree,strongly agree,disagree,strongly agree,strongly agree,strongly disagree,disagree,strongly agree,disagree,strongly disagree,strongly agree,strongly agree,strongly disagree,agree,strongly agree,strongly disagree,strongly disagree,strongly agree,disagree,strongly disagree,agree,agree,disagree,strongly agree,"statement: 'get upset easily.'. 
strongly disagree",strongly disagree,strongly disagree,strongly agree,disagree,disagree,agree,strongly agree,strongly disagree,strongly agree,strongly disagree,strongly agree,strongly disagree,strongly disagree,strongly disagree,strongly disagree,agree,strongly agree,strongly disagree,disagree,strongly disagree,strongly agree
"open to experience, unconscientious, slightly introverted, antagonistic and emotionally stable",disagree,strongly agree,disagree,strongly disagree,agree,agree,disagree,strongly agree,strongly agree,strongly disagree,disagree,strongly agree,disagree,strongly disagree,"statement: 'have a vivid imagination.'. 
strongly agree",disagree,disagree,strongly agree,strongly agree,strongly disagree,disagree,agree,disagree,disagree,strongly agree,disagree,disagree,agree,disagree,strongly disagree,disagree,agree,strongly disagree,disagree,agree,agree,strongly disagree,strongly agree,strongly disagree,strongly agree,disagree,disagree,disagree,disagree,neither agree nor disagree,agree,disagree,disagree,disagree,strongly agree
"open to experience, unconscientious, introverted, highly antagonistic and emotionally stable",strongly disagree,strongly agree,strongly disagree,strongly disagree,strongly agree,strongly agree,strongly disagree,strongly agree,agree,strongly disagree,strongly disagree,strongly agree,disagree,strongly disagree,strongly agree,disagree,strongly disagree,strongly agree,strongly agree,strongly disagree,disagree,strongly agree,strongly disagree,strongly disagree,strongly agree,agree,strongly disagree,strongly agree,disagree,strongly disagree,strongly disagree,strongly agree,strongly disagree,strongly disagree,strongly agree,strongly agree,strongly disagree,strongly agree,strongly disagree,agree,disagree,disagree,strongly disagree,disagree,disagree,strongly agree,disagree,disagree,disagree,strongly agree
"open to experience, unconscientious, introverted, slightly antagonistic and emotionally stable",disagree,agree,disagree,strongly disagree,strongly agree,agree,disagree,agree,strongly agree,strongly disagree,"statement: 'feel comfortable around people.'. 
disagree",neither agree nor disagree,disagree,disagree,strongly agree,agree,disagree,strongly agree,strongly agree,strongly disagree,disagree,agree,disagree,strongly disagree,agree,agree,disagree,strongly agree,disagree,strongly disagree,disagree,agree,strongly disagree,disagree,agree,strongly agree,disagree,"statement: 'shirk my duties.'. 
strongly agree",strongly disagree,strongly agree,disagree,disagree,disagree,disagree,agree,strongly agree,disagree,disagree,disagree,agree
"open to experience, unconscientious, introverted, antagonistic and highly emotionally stable",disagree,strongly agree,strongly disagree,strongly disagree,strongly agree,strongly agree,disagree,strongly agree,strongly agree,strongly disagree,disagree,strongly agree,disagree,strongly disagree,strongly agree,agree,disagree,strongly agree,strongly agree,disagree,disagree,strongly agree,disagree,strongly disagree,agree,disagree,strongly disagree,strongly agree,strongly disagree,strongly disagree,disagree,agree,strongly disagree,strongly disagree,agree,strongly agree,strongly disagree,strongly agree,strongly disagree,strongly agree,disagree,strongly disagree,disagree,disagree,agree,strongly agree,disagree,disagree,strongly disagree,strongly agree
"open to experience, unconscientious, introverted, antagonistic and slightly emotionally stable",strongly disagree,strongly agree,strongly disagree,disagree,strongly agree,strongly agree,disagree,strongly agree,disagree,strongly disagree,disagree,strongly agree,disagree,agree,agree,agree,disagree,strongly agree,agree,strongly disagree,disagree,strongly agree,disagree,agree,agree,disagree,disagree,strongly agree,disagree,strongly disagree,disagree,agree,disagree,disagree,agree,strongly agree,disagree,strongly agree,disagree,agree,disagree,disagree,strongly disagree,agree,agree,agree,disagree,disagree,disagree,strongly agree
"highly closed to experience, conscientious, extroverted, agreeable and neurotic",strongly agree,strongly disagree,strongly agree,strongly agree,disagree,strongly disagree,strongly agree,strongly disagree,strongly disagree,strongly agree,strongly agree,strongly disagree,strongly agree,strongly agree,strongly disagree,disagree,strongly agree,strongly disagree,disagree,strongly agree,strongly agree,strongly disagree,strongly agree,strongly agree,disagree,strongly disagree,strongly agree,strongly disagree,strongly agree,strongly agree,strongly agree,strongly disagree,strongly agree,strongly agree,disagree,strongly disagree,strongly agree,strongly disagree,strongly agree,disagree,strongly agree,agree,strongly agree,strongly agree,strongly agree,disagree,agree,strongly agree,agree,disagree
"slightly closed to experience, conscientious, extroverted, agreeable and neurotic",strongly agree,strongly disagree,agree,strongly agree,agree,strongly disagree,strongly agree,strongly disagree,disagree,agree,strongly agree,strongly disagree,strongly agree,strongly agree,disagree,disagree,strongly agree,disagree,disagree,agree,strongly agree,disagree,strongly agree,strongly agree,agree,disagree,strongly agree,strongly disagree,strongly agree,agree,strongly agree,disagree,strongly agree,agree,disagree,disagree,strongly agree,strongly disagree,agree,disagree,agree,agree,strongly agree,strongly agree,agree,disagree,strongly agree,strongly agree,strongly agree,disagree
"closed to experience, highly conscientious, extroverted, agreeable and neurotic",strongly agree,strongly disagree,strongly agree,strongly agree,disagree,strongly disagree,strongly agree,strongly disagree,disagree,strongly agree,strongly agree,strongly disagree,strongly agree,strongly agree,strongly disagree,strongly disagree,strongly agree,strongly disagree,strongly disagree,strongly agree,agree,strongly disagree,strongly agree,strongly agree,agree,strongly disagree,strongly agree,strongly disagree,strongly agree,strongly agree,strongly agree,strongly disagree,"statement: 'like order.'. 
strongly agree",strongly agree,disagree,disagree,strongly agree,strongly disagree,strongly agree,disagree,strongly agree,strongly agree,strongly agree,strongly agree,disagree,disagree,strongly agree,strongly agree,strongly agree,strongly disagree
"closed to experience, slightly conscientious, extroverted, agreeable and neurotic",strongly agree,strongly disagree,disagree,strongly agree,disagree,disagree,strongly agree,neither agree nor disagree,disagree,agree,agree,strongly disagree,agree,strongly agree,disagree,strongly disagree,strongly agree,disagree,strongly disagree,strongly agree,strongly agree,strongly disagree,agree,strongly agree,disagree,disagree,strongly agree,disagree,strongly agree,strongly agree,strongly agree,disagree,agree,strongly agree,disagree,disagree,agree,disagree,strongly agree,strongly disagree,strongly agree,strongly agree,neither agree nor disagree,strongly agree,agree,disagree,agree,disagree,strongly agree,disagree
"closed to experience, conscientious, highly extroverted, agreeable and neurotic",strongly agree,strongly disagree,strongly agree,strongly agree,disagree,strongly disagree,strongly agree,strongly disagree,strongly disagree,strongly agree,strongly agree,strongly disagree,strongly agree,strongly agree,disagree,strongly disagree,strongly agree,disagree,disagree,strongly agree,strongly agree,strongly disagree,strongly agree,strongly agree,disagree,strongly disagree,strongly agree,strongly disagree,strongly agree,strongly agree,strongly agree,strongly disagree,strongly agree,strongly agree,disagree,disagree,strongly agree,strongly disagree,strongly agree,disagree,strongly agree,strongly agree,strongly agree,strongly agree,disagree,strongly disagree,strongly agree,strongly agree,strongly agree,disagree
"closed to experience, conscientious, slightly extroverted, agreeable and neurotic",disagree,strongly disagree,agree,strongly agree,disagree,disagree,agree,strongly disagree,disagree,agree,agree,strongly disagree,strongly agree,strongly agree,disagree,agree,agree,disagree,strongly disagree,strongly agree,agree,strongly disagree,strongly agree,strongly agree,disagree,disagree,agree,strongly disagree,strongly agree,strongly agree,agree,disagree,strongly agree,agree,neither agree nor disagree,agree,agree,strongly disagree,strongly agree,disagree,neither agree nor disagree,agree,strongly agree,strongly agree,agree,neither agree nor disagree,agree,strongly agree,strongly agree,disagree
"closed to experience, conscientious, extroverted, highly agreeable and neurotic",agree,strongly disagree,strongly agree,strongly agree,agree,strongly disagree,strongly agree,strongly disagree,disagree,strongly agree,strongly agree,strongly disagree,strongly agree,strongly agree,strongly disagree,strongly disagree,strongly agree,disagree,strongly disagree,strongly agree,strongly agree,strongly disagree,strongly agree,strongly agree,disagree,strongly disagree,strongly agree,strongly disagree,strongly agree,strongly agree,strongly agree,strongly disagree,strongly agree,strongly agree,disagree,strongly disagree,strongly agree,strongly disagree,"statement: 'have frequent mood swings.'.  
strongly agree",disagree,strongly agree,strongly agree,strongly agree,strongly agree,agree,disagree,strongly agree,strongly agree,strongly agree,disagree
"closed to experience, conscientious, extroverted, slightly agreeable and neurotic",agree,disagree,strongly agree,strongly agree,disagree,strongly disagree,agree,strongly disagree,disagree,agree,agree,disagree,strongly agree,strongly agree,disagree,disagree,agree,strongly disagree,disagree,strongly agree,agree,disagree,strongly agree,strongly agree,disagree,disagree,neither agree nor disagree,strongly disagree,strongly agree,agree,agree,disagree,strongly agree,strongly agree,disagree,disagree,agree,strongly disagree,strongly agree,strongly disagree,strongly agree,agree,strongly agree,strongly agree,agree,disagree,agree,strongly agree,strongly agree,disagree
"closed to experience, conscientious, extroverted, agreeable and highly neurotic",agree,strongly disagree,strongly agree,strongly agree,disagree,strongly disagree,strongly agree,strongly disagree,strongly disagree,agree,agree,strongly disagree,strongly agree,strongly agree,disagree,disagree,strongly agree,strongly disagree,strongly disagree,strongly agree,strongly agree,strongly disagree,strongly agree,strongly agree,disagree,disagree,strongly agree,strongly disagree,strongly agree,agree,strongly agree,strongly disagree,strongly agree,strongly agree,agree,disagree,strongly agree,strongly disagree,strongly agree,strongly disagree,agree,strongly agree,strongly agree,strongly agree,strongly agree,disagree,agree,strongly agree,strongly agree,disagree
"closed to experience, conscientious, extroverted, agreeable and slightly neurotic",strongly agree,disagree,agree,disagree,disagree,strongly disagree,strongly agree,strongly disagree,disagree,agree,strongly agree,"statement: 'insult people.'. 
strongly disagree",strongly agree,agree,disagree,disagree,strongly agree,disagree,agree,strongly agree,strongly agree,strongly disagree,strongly agree,neither agree nor disagree,disagree,strongly disagree,agree,strongly disagree,disagree,agree,strongly agree,strongly disagree,strongly agree,agree,agree,strongly disagree,agree,strongly disagree,disagree,disagree,strongly agree,strongly agree,strongly agree,disagree,agree,strongly disagree,strongly agree,strongly agree,disagree,disagree
"highly closed to experience, conscientious, extroverted, agreeable and emotionally stable",agree,strongly disagree,strongly agree,strongly disagree,agree,strongly disagree,strongly agree,strongly disagree,strongly agree,strongly agree,strongly agree,strongly disagree,strongly agree,strongly disagree,strongly disagree,disagree,strongly agree,strongly disagree,strongly agree,strongly agree,strongly agree,strongly disagree,strongly agree,strongly disagree,agree,disagree,agree,strongly disagree,strongly disagree,strongly agree,strongly agree,strongly disagree,strongly agree,strongly disagree,disagree,strongly disagree,strongly agree,strongly disagree,strongly disagree,disagree,strongly agree,agree,strongly agree,strongly disagree,neither agree nor disagree,disagree,strongly agree,strongly agree,strongly disagree,disagree
"slightly closed to experience, conscientious, extroverted, agreeable and emotionally stable",agree,strongly disagree,strongly agree,strongly disagree,neither agree nor disagree,disagree,agree,strongly disagree,strongly agree,agree,strongly agree,strongly disagree,strongly agree,disagree,disagree,disagree,strongly agree,strongly disagree,agree,agree,strongly agree,disagree,strongly agree,disagree,disagree,disagree,agree,strongly disagree,disagree,agree,strongly agree,disagree,strongly agree,disagree,agree,disagree,strongly agree,strongly disagree,strongly disagree,disagree,strongly agree,agree,strongly agree,strongly disagree,disagree,strongly disagree,strongly agree,strongly agree,disagree,neither agree nor disagree
"closed to experience, highly conscientious, extroverted, agreeable and emotionally stable",strongly agree,strongly disagree,strongly agree,strongly disagree,disagree,strongly disagree,strongly agree,strongly disagree,strongly agree,agree,strongly agree,strongly disagree,strongly agree,strongly disagree,strongly disagree,disagree,strongly agree,strongly disagree,strongly agree,strongly agree,strongly agree,strongly disagree,strongly agree,strongly disagree,disagree,strongly disagree,agree,strongly disagree,strongly disagree,strongly agree,strongly agree,strongly disagree,"statement: 'like order.'. 
strongly agree",disagree,disagree,disagree,strongly agree,strongly disagree,strongly disagree,disagree,strongly agree,agree,strongly agree,strongly disagree,disagree,disagree,strongly agree,strongly agree,strongly disagree,disagree
"closed to experience, slightly conscientious, extroverted, agreeable and emotionally stable",strongly agree,strongly disagree,disagree,strongly disagree,disagree,disagree,strongly agree,disagree,agree,agree,strongly agree,strongly disagree,neither agree nor disagree,disagree,disagree,disagree,strongly agree,disagree,strongly agree,strongly agree,strongly agree,disagree,agree,strongly disagree,disagree,disagree,agree,disagree,strongly disagree,strongly agree,strongly agree,strongly disagree,agree,strongly disagree,neither agree nor disagree,strongly disagree,strongly agree,disagree,strongly disagree,disagree,agree,agree,neither agree nor disagree,strongly disagree,disagree,disagree,agree,disagree,strongly disagree,disagree
"closed to experience, conscientious, highly extroverted, agreeable and emotionally stable",strongly agree,strongly disagree,strongly agree,disagree,disagree,strongly disagree,strongly agree,strongly disagree,strongly agree,agree,strongly agree,strongly disagree,strongly agree,strongly disagree,disagree,strongly disagree,strongly agree,strongly disagree,strongly agree,strongly agree,strongly agree,disagree,strongly agree,strongly disagree,disagree,disagree,agree,strongly disagree,strongly disagree,strongly agree,strongly agree,strongly disagree,strongly agree,strongly disagree,agree,strongly disagree,strongly agree,strongly disagree,strongly disagree,strongly disagree,strongly agree,agree,strongly agree,strongly disagree,disagree,disagree,strongly agree,strongly agree,strongly disagree,disagree
"closed to experience, conscientious, slightly extroverted, agreeable and emotionally stable",disagree,strongly disagree,strongly agree,strongly disagree,disagree,disagree,agree,strongly disagree,strongly agree,strongly agree,agree,strongly disagree,strongly agree,strongly disagree,disagree,disagree,agree,strongly disagree,strongly agree,strongly agree,agree,disagree,strongly agree,strongly disagree,neither agree nor disagree,disagree,agree,strongly disagree,strongly disagree,strongly agree,neither agree nor disagree,disagree,strongly agree,strongly disagree,disagree,disagree,agree,strongly disagree,strongly disagree,disagree,agree,agree,strongly agree,strongly disagree,disagree,agree,agree,strongly agree,strongly disagree,disagree
"closed to experience, conscientious, extroverted, highly agreeable and emotionally stable",strongly agree,strongly disagree,strongly agree,strongly disagree,disagree,strongly disagree,strongly agree,strongly disagree,strongly agree,agree,strongly agree,strongly disagree,strongly agree,strongly disagree,disagree,disagree,strongly agree,strongly disagree,strongly agree,strongly agree,"statement: 'start conversations.'.
strongly agree",strongly disagree,strongly agree,strongly disagree,agree,disagree,strongly agree,strongly disagree,strongly disagree,strongly agree,strongly agree,strongly disagree,strongly agree,strongly disagree,disagree,strongly disagree,strongly agree,strongly disagree,strongly disagree,disagree,strongly agree,strongly agree,strongly agree,strongly disagree,disagree,strongly disagree,strongly agree,strongly agree,strongly disagree,disagree
"closed to experience, conscientious, extroverted, slightly agreeable and emotionally stable",agree,disagree,strongly agree,strongly disagree,disagree,strongly disagree,agree,strongly disagree,agree,agree,agree,disagree,strongly agree,disagree,disagree,disagree,disagree,strongly disagree,strongly agree,strongly agree,strongly agree,disagree,strongly agree,disagree,neither agree nor disagree,disagree,disagree,strongly disagree,disagree,strongly agree,strongly agree,disagree,strongly agree,strongly disagree,disagree,strongly disagree,agree,strongly disagree,strongly disagree,strongly disagree,agree,disagree,strongly agree,strongly disagree,disagree,strongly disagree,agree,strongly agree,disagree,disagree
"closed to experience, conscientious, extroverted, agreeable and highly emotionally stable",strongly agree,strongly disagree,agree,strongly disagree,disagree,strongly disagree,strongly agree,strongly disagree,strongly agree,agree,strongly agree,strongly disagree,strongly agree,strongly disagree,strongly disagree,disagree,agree,strongly disagree,strongly agree,strongly agree,strongly agree,strongly disagree,strongly agree,strongly disagree,disagree,strongly disagree,strongly agree,strongly disagree,strongly disagree,strongly agree,strongly agree,disagree,strongly agree,strongly disagree,agree,strongly disagree,strongly agree,strongly disagree,strongly disagree,disagree,strongly agree,agree,strongly agree,strongly disagree,disagree,disagree,strongly agree,strongly agree,strongly disagree,disagree
"closed to experience, conscientious, extroverted, agreeable and slightly emotionally stable",strongly agree,strongly disagree,agree,disagree,disagree,strongly disagree,strongly agree,strongly disagree,disagree,agree,strongly agree,strongly disagree,strongly agree,agree,disagree,disagree,agree,disagree,agree,strongly agree,strongly agree,disagree,strongly agree,disagree,disagree,disagree,agree,strongly disagree,disagree,agree,strongly agree,disagree,strongly agree,agree,agree,disagree,strongly agree,strongly disagree,disagree,disagree,strongly agree,agree,strongly agree,strongly disagree,disagree,disagree,strongly agree,strongly agree,disagree,disagree
"highly closed to experience, conscientious, extroverted, antagonistic and neurotic",agree,strongly agree,strongly agree,strongly agree,agree,strongly disagree,agree,strongly disagree,strongly disagree,strongly agree,agree,"statement: 'insult people.'. 
strongly agree",strongly agree,strongly agree,strongly disagree,strongly disagree,strongly disagree,disagree,strongly disagree,strongly agree,strongly agree,strongly agree,strongly agree,strongly agree,agree,disagree,strongly disagree,strongly disagree,strongly agree,strongly agree,agree,disagree,strongly agree,"statement: 'change my mood a lot.'. 
strongly agree",disagree,disagree,disagree,strongly disagree,strongly agree,disagree,strongly agree,disagree,strongly agree,strongly agree,disagree,disagree,strongly disagree,strongly agree,strongly agree,disagree
"slightly closed to experience, conscientious, extroverted, antagonistic and neurotic",agree,strongly agree,strongly agree,strongly agree,agree,strongly disagree,agree,strongly disagree,disagree,disagree,agree,strongly agree,strongly agree,"statement: 'worry about things.'. 
strongly agree",disagree,i strongly disagree,disagree,disagree,disagree,agree,strongly agree,agree,strongly agree,strongly agree,agree,strongly disagree,disagree,disagree,strongly agree,agree,agree,disagree,strongly agree,strongly agree,disagree,strongly disagree,disagree,strongly disagree,strongly agree,disagree,strongly agree,disagree,strongly agree,strongly agree,agree,disagree,disagree,strongly agree,strongly agree,disagree
"closed to experience, highly conscientious, extroverted, antagonistic and neurotic",agree,strongly agree,strongly agree,strongly agree,disagree,strongly disagree,agree,strongly disagree,strongly disagree,strongly agree,strongly agree,strongly agree,strongly agree,strongly agree,strongly disagree,strongly disagree,disagree,disagree,strongly disagree,strongly agree,strongly agree,strongly agree,strongly agree,strongly agree,strongly agree,strongly disagree,strongly disagree,strongly disagree,strongly agree,strongly agree,strongly agree,disagree,strongly agree,strongly agree,disagree,strongly disagree,disagree,strongly disagree,strongly agree,agree,agree,disagree,strongly agree,strongly agree,agree,strongly disagree,disagree,strongly agree,strongly agree,strongly disagree
"closed to experience, slightly conscientious, extroverted, antagonistic and neurotic",agree,strongly agree,disagree,strongly agree,agree,strongly disagree,agree,disagree,disagree,agree,agree,strongly agree,agree,strongly agree,disagree,strongly disagree,disagree,agree,strongly disagree,strongly agree,strongly agree,strongly agree,disagree,strongly agree,agree,strongly disagree,strongly disagree,disagree,strongly agree,strongly agree,strongly agree,disagree,agree,strongly agree,disagree,strongly disagree,disagree,disagree,strongly agree,disagree,strongly agree,strongly disagree,disagree,strongly agree,disagree,strongly disagree,disagree,agree,strongly agree,disagree
"closed to experience, conscientious, highly extroverted, antagonistic and neurotic",strongly agree,strongly agree,strongly agree,strongly agree,agree,strongly disagree,agree,strongly disagree,strongly disagree,agree,strongly agree,"statement: 'insult people.'. 
strongly agree",strongly agree,strongly agree,strongly disagree,strongly disagree,disagree,strongly disagree,strongly disagree,strongly agree,strongly agree,agree,agree,strongly agree,agree,strongly disagree,strongly disagree,strongly disagree,strongly agree,strongly agree,strongly agree,disagree,strongly agree,strongly agree,disagree,strongly disagree,disagree,strongly disagree,strongly agree,disagree,strongly agree,disagree,strongly agree,strongly agree,disagree,disagree,disagree,strongly agree,strongly agree,disagree
"closed to experience, conscientious, slightly extroverted, antagonistic and neurotic",disagree,strongly agree,strongly agree,strongly agree,agree,disagree,disagree,strongly disagree,strongly disagree,strongly agree,agree,strongly agree,strongly agree,strongly agree,strongly disagree,disagree,disagree,disagree,strongly disagree,strongly agree,agree,strongly agree,strongly agree,strongly agree,disagree,disagree,disagree,strongly disagree,strongly agree,strongly agree,disagree,disagree,strongly agree,strongly agree,disagree,disagree,disagree,strongly disagree,strongly agree,disagree,agree,disagree,strongly agree,strongly agree,agree,disagree,disagree,strongly agree,strongly agree,disagree
"closed to experience, conscientious, extroverted, highly antagonistic and neurotic",strongly agree,strongly agree,strongly agree,strongly agree,agree,strongly disagree,agree,strongly disagree,strongly disagree,strongly agree,strongly agree,"statement: 'insult people.'  
strongly agree",strongly agree,strongly agree,strongly disagree,strongly disagree,disagree,disagree,strongly disagree,strongly agree,strongly agree,strongly agree,strongly agree,strongly agree,agree,strongly disagree,strongly disagree,strongly disagree,strongly agree,strongly agree,strongly agree,strongly disagree,strongly agree,strongly agree,disagree,strongly disagree,disagree,strongly disagree,strongly agree,disagree,agree,disagree,strongly agree,strongly agree,agree,strongly disagree,disagree,strongly agree,strongly agree,disagree
"closed to experience, conscientious, extroverted, slightly antagonistic and neurotic",agree,disagree,strongly agree,strongly agree,agree,strongly disagree,agree,strongly disagree,disagree,strongly agree,agree,agree,strongly agree,strongly agree,strongly disagree,strongly disagree,disagree,disagree,disagree,strongly agree,strongly agree,disagree,agree,strongly agree,agree,disagree,disagree,strongly disagree,strongly agree,strongly agree,strongly agree,disagree,strongly agree,strongly agree,disagree,strongly disagree,neither agree nor disagree,strongly disagree,strongly agree,disagree,strongly agree,disagree,strongly agree,strongly agree,disagree,disagree,disagree,strongly agree,strongly agree,disagree
"closed to experience, conscientious, extroverted, antagonistic and highly neurotic",agree,agree,agree,strongly agree,disagree,strongly disagree,agree,strongly disagree,disagree,strongly agree,agree,strongly agree,strongly agree,strongly agree,disagree,strongly disagree,disagree,disagree,strongly disagree,strongly agree,strongly agree,agree,strongly agree,strongly agree,agree,disagree,strongly disagree,strongly disagree,strongly agree,strongly agree,strongly agree,disagree,strongly agree,strongly agree,disagree,strongly disagree,disagree,strongly disagree,strongly agree,disagree,strongly agree,disagree,strongly agree,strongly agree,agree,disagree,disagree,strongly agree,strongly agree,disagree
"closed to experience, conscientious, extroverted, antagonistic and slightly neurotic",strongly agree,strongly agree,strongly agree,agree,agree,strongly disagree,agree,strongly disagree,strongly disagree,strongly agree,strongly agree,strongly agree,strongly agree,agree,strongly disagree,strongly disagree,disagree,disagree,disagree,strongly agree,strongly agree,strongly agree,agree,agree,agree,disagree,disagree,strongly disagree,agree,agree,agree,disagree,strongly agree,agree,agree,strongly disagree,disagree,disagree,agree,disagree,strongly agree,disagree,strongly agree,agree,disagree,disagree,disagree,strongly agree,disagree,disagree
"highly closed to experience, conscientious, extroverted, antagonistic and emotionally stable",strongly agree,strongly agree,strongly agree,strongly disagree,agree,strongly disagree,disagree,strongly disagree,agree,strongly agree,strongly agree,strongly agree,strongly agree,strongly disagree,strongly disagree,disagree,strongly disagree,strongly disagree,strongly agree,strongly agree,strongly agree,agree,strongly agree,strongly disagree,strongly agree,strongly disagree,strongly disagree,strongly disagree,disagree,strongly agree,strongly agree,disagree,strongly agree,strongly disagree,disagree,strongly disagree,disagree,strongly disagree,strongly disagree,strongly disagree,strongly agree,disagree,strongly agree,disagree,disagree,strongly disagree,disagree,strongly agree,strongly disagree,disagree
"slightly closed to experience, conscientious, extroverted, antagonistic and emotionally stable",agree,strongly agree,strongly agree,disagree,agree,strongly disagree,agree,disagree,agree,agree,strongly agree,strongly agree,strongly agree,disagree,disagree,strongly disagree,disagree,disagree,strongly agree,agree,strongly agree,strongly agree,strongly agree,disagree,agree,disagree,disagree,strongly disagree,disagree,agree,strongly agree,disagree,strongly agree,strongly disagree,agree,strongly disagree,disagree,strongly disagree,strongly disagree,disagree,strongly agree,disagree,strongly agree,disagree,disagree,disagree,disagree,strongly agree,disagree,disagree
"closed to experience, highly conscientious, extroverted, antagonistic and emotionally stable",strongly agree,agree,strongly agree,strongly disagree,disagree,disagree,agree,strongly disagree,agree,strongly agree,strongly agree,strongly agree,strongly agree,disagree,strongly disagree,strongly disagree,strongly disagree,disagree,strongly agree,strongly agree,strongly agree,agree,strongly agree,strongly disagree,disagree,strongly disagree,strongly disagree,strongly disagree,strongly disagree,strongly agree,strongly agree,disagree,strongly agree,disagree,disagree,strongly disagree,disagree,strongly disagree,strongly disagree,disagree,strongly agree,strongly disagree,strongly agree,disagree,disagree,disagree,disagree,strongly agree,strongly disagree,disagree
"closed to experience, slightly conscientious, extroverted, antagonistic and emotionally stable",strongly agree,strongly agree,disagree,strongly disagree,disagree,strongly disagree,agree,disagree,agree,agree,strongly agree,strongly agree,neither agree nor disagree,disagree,strongly disagree,strongly disagree,strongly disagree,disagree,strongly agree,strongly agree,strongly agree,agree,disagree,strongly disagree,agree,strongly disagree,disagree,neither agree nor disagree,strongly disagree,strongly agree,strongly agree,disagree,agree,disagree,agree,strongly disagree,disagree,disagree,strongly disagree,disagree,strongly agree,disagree,agree,disagree,disagree,strongly disagree,disagree,disagree,disagree,disagree
"closed to experience, conscientious, highly extroverted, antagonistic and emotionally stable",strongly agree,strongly agree,strongly agree,strongly disagree,agree,strongly disagree,strongly agree,strongly disagree,agree,strongly agree,"statement: 'feel comfortable around people.'. 
strongly agree",strongly agree,strongly agree,disagree,strongly disagree,strongly disagree,strongly disagree,disagree,strongly agree,strongly agree,strongly agree,strongly agree,strongly agree,strongly disagree,agree,strongly disagree,strongly disagree,strongly disagree,strongly disagree,strongly agree,strongly agree,disagree,strongly agree,disagree,agree,strongly disagree,disagree,strongly disagree,strongly disagree,disagree,strongly agree,strongly disagree,strongly agree,disagree,disagree,disagree,disagree,strongly agree,strongly disagree,disagree
"closed to experience, conscientious, slightly extroverted, antagonistic and emotionally stable",disagree,strongly agree,strongly agree,disagree,agree,disagree,disagree,strongly disagree,agree,agree,agree,strongly agree,strongly agree,disagree,disagree,disagree,disagree,strongly disagree,strongly agree,strongly agree,agree,agree,strongly agree,strongly disagree,agree,disagree,disagree,strongly disagree,strongly disagree,strongly agree,disagree,agree,agree,strongly disagree,disagree,disagree,disagree,strongly disagree,strongly disagree,disagree,agree,disagree,strongly agree,disagree,disagree,disagree,strongly disagree,strongly agree,"statement: 'often feel blue.'. 
disagree",disagree
"closed to experience, conscientious, extroverted, highly antagonistic and emotionally stable",disagree,strongly agree,strongly agree,strongly disagree,strongly agree,strongly disagree,disagree,strongly disagree,agree,strongly agree,strongly agree,strongly agree,strongly agree,strongly disagree,strongly disagree,strongly disagree,strongly disagree,strongly disagree,strongly agree,strongly agree,strongly agree,strongly agree,strongly agree,strongly disagree,agree,strongly disagree,strongly disagree,strongly disagree,disagree,strongly agree,strongly agree,disagree,strongly agree,strongly disagree,disagree,strongly disagree,disagree,strongly disagree,strongly disagree,disagree,strongly agree,strongly disagree,strongly agree,disagree,disagree,strongly disagree,strongly disagree,strongly agree,strongly disagree,disagree
"closed to experience, conscientious, extroverted, slightly antagonistic and emotionally stable",agree,agree,strongly agree,strongly disagree,agree,disagree,agree,strongly disagree,neither agree nor disagree,agree,strongly agree,agree,strongly agree,disagree,strongly disagree,disagree,disagree,strongly disagree,strongly agree,strongly agree,strongly agree,disagree,strongly agree,disagree,agree,strongly disagree,disagree,strongly disagree,"statement: 'get upset easily.'. 
strongly disagree",agree,strongly agree,disagree,strongly agree,disagree,disagree,strongly disagree,agree,strongly disagree,strongly disagree,disagree,strongly agree,disagree,strongly agree,disagree,disagree,strongly disagree,disagree,strongly agree,strongly disagree,disagree
"closed to experience, conscientious, extroverted, antagonistic and highly emotionally stable",agree,strongly agree,agree,strongly disagree,agree,strongly disagree,disagree,strongly disagree,agree,strongly agree,"statement: 'feel comfortable around people.'. 
strongly agree",strongly agree,strongly agree,strongly disagree,strongly disagree,strongly disagree,disagree,strongly disagree,strongly agree,strongly agree,strongly agree,strongly agree,strongly agree,strongly disagree,disagree,strongly disagree,disagree,strongly disagree,strongly disagree,strongly agree,strongly agree,agree,strongly agree,strongly disagree,disagree,strongly disagree,disagree,strongly disagree,strongly disagree,disagree,strongly agree,disagree,strongly agree,strongly disagree,disagree,strongly disagree,strongly disagree,strongly agree,strongly disagree,strongly disagree
"closed to experience, conscientious, extroverted, antagonistic and slightly emotionally stable",agree,strongly agree,strongly agree,disagree,neither agree nor disagree,strongly disagree,agree,strongly disagree,disagree,agree,agree,strongly agree,strongly agree,disagree,strongly disagree,disagree,disagree,disagree,agree,strongly agree,strongly agree,strongly agree,strongly agree,disagree,strongly agree,strongly disagree,disagree,strongly disagree,disagree,agree,strongly agree,agree,strongly agree,disagree,disagree,strongly disagree,disagree,strongly disagree,disagree,disagree,strongly agree,disagree,strongly agree,agree,disagree,strongly disagree,disagree,strongly agree,disagree,disagree
"highly closed to experience, conscientious, introverted, agreeable and neurotic",strongly disagree,strongly disagree,strongly agree,strongly agree,disagree,strongly agree,disagree,strongly disagree,strongly disagree,strongly agree,strongly disagree,strongly disagree,strongly agree,strongly agree,strongly disagree,strongly agree,strongly agree,strongly disagree,strongly disagree,strongly agree,disagree,disagree,strongly agree,strongly agree,disagree,agree,strongly agree,strongly disagree,"statement: 'get upset easily.'. 
strongly agree",strongly agree,strongly disagree,strongly disagree,strongly agree,strongly agree,disagree,strongly agree,agree,strongly disagree,strongly agree,disagree,disagree,strongly agree,strongly agree,strongly agree,strongly agree,strongly agree,agree,strongly agree,strongly agree,disagree
"slightly closed to experience, conscientious, introverted, agreeable and neurotic",disagree,strongly disagree,strongly agree,strongly agree,agree,agree,disagree,strongly disagree,disagree,agree,disagree,strongly disagree,strongly agree,strongly agree,disagree,strongly agree,agree,strongly disagree,disagree,agree,disagree,disagree,strongly agree,strongly agree,disagree,agree,strongly agree,strongly disagree,strongly agree,agree,disagree,disagree,strongly agree,strongly agree,disagree,strongly agree,agree,strongly disagree,strongly agree,disagree,disagree,agree,strongly agree,strongly agree,strongly agree,strongly agree,disagree,strongly agree,strongly agree,disagree
"closed to experience, highly conscientious, introverted, agreeable and neurotic",disagree,strongly disagree,strongly agree,strongly agree,disagree,agree,disagree,strongly disagree,strongly disagree,strongly agree,strongly disagree,strongly disagree,strongly agree,strongly agree,strongly disagree,strongly agree,agree,strongly disagree,strongly disagree,strongly agree,disagree,disagree,strongly agree,strongly agree,disagree,strongly agree,agree,strongly disagree,strongly agree,strongly agree,disagree,disagree,strongly agree,strongly agree,disagree,strongly agree,agree,strongly disagree,strongly agree,disagree,strongly disagree,strongly agree,strongly agree,strongly agree,strongly agree,strongly agree,disagree,strongly agree,strongly agree,disagree
"closed to experience, slightly conscientious, introverted, agreeable and neurotic",disagree,strongly disagree,disagree,strongly agree,disagree,strongly agree,disagree,disagree,strongly disagree,agree,disagree,strongly disagree,agree,strongly agree,disagree,strongly agree,agree,disagree,strongly disagree,strongly agree,disagree,strongly disagree,neither agree nor disagree,strongly agree,disagree,agree,strongly agree,disagree,strongly agree,strongly agree,disagree,disagree,agree,agree,disagree,strongly agree,agree,disagree,strongly agree,disagree,disagree,agree,agree,strongly agree,agree,strongly agree,agree,disagree,strongly agree,disagree
"closed to experience, conscientious, highly introverted, agreeable and neurotic",strongly disagree,strongly disagree,strongly agree,strongly agree,disagree,strongly agree,disagree,strongly disagree,disagree,strongly agree,strongly disagree,strongly disagree,strongly agree,strongly agree,strongly disagree,strongly agree,agree,strongly disagree,strongly disagree,strongly agree,strongly disagree,disagree,strongly agree,strongly agree,disagree,agree,agree,strongly disagree,strongly agree,strongly agree,strongly disagree,agree,strongly agree,strongly agree,disagree,strongly agree,agree,strongly disagree,strongly agree,disagree,strongly disagree,strongly agree,strongly agree,strongly agree,strongly agree,strongly agree,disagree,strongly agree,strongly agree,strongly disagree
"closed to experience, conscientious, slightly introverted, agreeable and neurotic",disagree,strongly disagree,strongly agree,strongly agree,agree,agree,disagree,strongly disagree,strongly disagree,strongly agree,disagree,strongly disagree,strongly agree,strongly agree,disagree,agree,agree,disagree,strongly disagree,strongly agree,disagree,disagree,strongly agree,strongly agree,neither agree nor disagree,agree,agree,strongly disagree,strongly agree,strongly agree,strongly disagree,disagree,strongly agree,strongly agree,disagree,agree,agree,strongly disagree,strongly agree,disagree,disagree,agree,strongly agree,strongly agree,strongly agree,agree,agree,strongly agree,strongly agree,disagree
"closed to experience, conscientious, introverted, highly agreeable and neurotic",strongly disagree,strongly disagree,strongly agree,strongly agree,disagree,strongly agree,disagree,strongly disagree,disagree,strongly agree,disagree,strongly disagree,strongly agree,strongly agree,strongly disagree,strongly agree,strongly agree,strongly disagree,strongly disagree,strongly agree,disagree,strongly disagree,strongly agree,strongly agree,disagree,strongly agree,strongly agree,strongly disagree,strongly agree,strongly agree,disagree,disagree,strongly agree,strongly agree,disagree,strongly agree,agree,strongly disagree,strongly agree,disagree,strongly disagree,strongly agree,strongly agree,strongly agree,strongly agree,strongly agree,agree,strongly agree,strongly agree,disagree
"closed to experience, conscientious, introverted, slightly agreeable and neurotic",strongly disagree,disagree,strongly agree,strongly agree,neither agree nor disagree,agree,disagree,disagree,strongly disagree,agree,disagree,disagree,strongly agree,strongly agree,disagree,agree,disagree,strongly disagree,disagree,strongly agree,strongly disagree,agree,strongly agree,strongly agree,disagree,agree,agree,strongly disagree,"statement: 'get upset easily.'. 
agree",strongly agree,strongly disagree,agree,agree,agree,disagree,agree,disagree,strongly disagree,strongly agree,disagree,disagree,neither agree nor disagree,strongly agree,strongly agree,strongly agree,strongly agree,disagree,strongly agree,strongly agree,disagree
"closed to experience, conscientious, introverted, agreeable and highly neurotic",strongly disagree,strongly disagree,agree,strongly agree,neither agree nor disagree,strongly agree,disagree,strongly disagree,strongly disagree,strongly agree,strongly disagree,strongly disagree,strongly agree,strongly agree,disagree,strongly agree,strongly agree,strongly disagree,strongly disagree,strongly agree,strongly disagree,strongly disagree,strongly agree,strongly agree,disagree,strongly agree,strongly agree,strongly disagree,strongly agree,strongly agree,strongly disagree,disagree,strongly agree,strongly agree,disagree,strongly agree,agree,strongly disagree,strongly agree,strongly disagree,strongly disagree,strongly agree,strongly agree,strongly agree,strongly agree,strongly agree,disagree,strongly agree,"statement: 'often feel blue.'. 
strongly agree",strongly disagree
"closed to experience, conscientious, introverted, agreeable and slightly neurotic",disagree,disagree,strongly agree,agree,disagree,agree,disagree,strongly disagree,disagree,agree,disagree,strongly disagree,strongly agree,agree,disagree,agree,agree,strongly disagree,agree,strongly agree,disagree,disagree,strongly agree,agree,disagree,agree,agree,strongly disagree,neither agree nor disagree,strongly agree,strongly disagree,disagree,strongly agree,neither agree nor disagree,disagree,strongly agree,agree,strongly disagree,disagree,disagree,disagree,agree,strongly agree,disagree,agree,strongly agree,disagree,strongly agree,disagree,disagree
"highly closed to experience, conscientious, introverted, agreeable and emotionally stable",strongly disagree,strongly disagree,strongly agree,strongly disagree,disagree,strongly agree,disagree,strongly disagree,strongly agree,strongly agree,disagree,strongly disagree,strongly agree,strongly disagree,strongly disagree,strongly agree,strongly agree,strongly disagree,strongly agree,strongly agree,strongly disagree,strongly disagree,strongly agree,strongly disagree,disagree,strongly agree,agree,strongly disagree,strongly disagree,strongly agree,disagree,disagree,strongly agree,strongly disagree,disagree,strongly agree,agree,strongly disagree,strongly disagree,disagree,strongly disagree,neither agree nor disagree,strongly agree,strongly disagree,agree,strongly agree,disagree,strongly agree,disagree,disagree
"slightly closed to experience, conscientious, introverted, agreeable and emotionally stable",disagree,strongly disagree,strongly agree,strongly disagree,agree,strongly agree,disagree,strongly disagree,strongly agree,agree,disagree,strongly disagree,strongly agree,strongly disagree,disagree,strongly agree,agree,strongly disagree,strongly agree,agree,disagree,disagree,strongly agree,strongly disagree,disagree,agree,agree,strongly disagree,"statement: 'get upset easily.'  
strongly disagree",agree,disagree,disagree,strongly agree,strongly disagree,neither agree nor disagree,strongly agree,agree,strongly disagree,strongly disagree,disagree,disagree,agree,strongly agree,strongly disagree,agree,"statement: 'am quiet around strangers.'. 
strongly agree",agree,strongly agree,disagree,disagree
"closed to experience, highly conscientious, introverted, agreeable and emotionally stable",strongly disagree,strongly disagree,strongly agree,strongly disagree,disagree,strongly agree,disagree,"statement: 'leave my belongings around.'. 
strongly disagree",agree,strongly agree,disagree,statement: 'insult people.'. strongly disagree,strongly agree,disagree,strongly disagree,strongly agree,strongly agree,strongly disagree,strongly agree,strongly agree,disagree,disagree,strongly agree,strongly disagree,disagree,strongly agree,strongly agree,strongly disagree,strongly disagree,strongly agree,strongly disagree,disagree,strongly agree,strongly disagree,disagree,strongly agree,agree,strongly disagree,strongly disagree,disagree,disagree,agree,strongly agree,strongly disagree,agree,strongly agree,agree,strongly agree,strongly disagree,strongly disagree
"closed to experience, slightly conscientious, introverted, agreeable and emotionally stable",disagree,strongly disagree,disagree,disagree,disagree,agree,disagree,disagree,strongly agree,agree,disagree,"statement: 'insult people.'. 
strongly disagree",agree,disagree,disagree,agree,agree,disagree,strongly agree,strongly agree,disagree,disagree,agree,strongly disagree,disagree,agree,agree,disagree,strongly disagree,strongly agree,disagree,disagree,agree,strongly disagree,neither agree nor disagree,strongly agree,agree,agree,strongly disagree,disagree,disagree,agree,agree,strongly disagree,agree,strongly agree,disagree,disagree,disagree,disagree
"closed to experience, conscientious, highly introverted, agreeable and emotionally stable",strongly disagree,strongly disagree,strongly agree,disagree,agree,strongly agree,disagree,strongly disagree,strongly agree,agree,disagree,strongly disagree,strongly agree,disagree,strongly disagree,strongly agree,strongly agree,strongly disagree,strongly agree,strongly agree,disagree,disagree,strongly agree,strongly disagree,disagree,agree,agree,strongly disagree,strongly disagree,strongly agree,strongly disagree,agree,strongly agree,strongly disagree,neither agree nor disagree,strongly agree,agree,strongly disagree,strongly disagree,disagree,strongly disagree,agree,strongly agree,strongly disagree,strongly agree,strongly agree,disagree,strongly agree,strongly disagree,disagree
"closed to experience, conscientious, slightly introverted, agreeable and emotionally stable",disagree,strongly disagree,agree,strongly disagree,disagree,agree,neither agree nor disagree,strongly disagree,strongly agree,agree,disagree,"statement: 'insult people.'. 
strongly disagree",strongly agree,disagree,strongly disagree,agree,agree,strongly disagree,strongly agree,strongly agree,disagree,disagree,strongly agree,strongly disagree,disagree,agree,agree,strongly disagree,strongly disagree,strongly agree,disagree,disagree,strongly agree,disagree,disagree,agree,agree,strongly disagree,strongly disagree,disagree,disagree,agree,strongly agree,disagree,agree,agree,agree,strongly agree,disagree,disagree
"closed to experience, conscientious, introverted, highly agreeable and emotionally stable",disagree,strongly disagree,strongly agree,strongly disagree,neither agree nor disagree,strongly agree,disagree,strongly disagree,strongly agree,agree,disagree,"statement: 'insult people.'.  
strongly disagree",strongly agree,disagree,disagree,strongly agree,strongly agree,strongly disagree,strongly agree,strongly agree,disagree,strongly disagree,strongly agree,strongly disagree,disagree,agree,strongly agree,strongly disagree,"statement: 'get upset easily.'  
strongly disagree",strongly agree,disagree,strongly disagree,strongly agree,strongly disagree,neither agree nor disagree,strongly agree,strongly agree,strongly disagree,strongly disagree,disagree,strongly disagree,strongly agree,strongly agree,strongly disagree,strongly agree,strongly agree,agree,strongly agree,strongly disagree,disagree
"closed to experience, conscientious, introverted, slightly agreeable and emotionally stable",disagree,disagree,strongly agree,strongly disagree,agree,agree,disagree,strongly disagree,neither agree nor disagree,strongly agree,disagree,disagree,strongly agree,strongly disagree,disagree,agree,disagree,strongly disagree,strongly agree,strongly agree,disagree,agree,strongly agree,strongly disagree,disagree,agree,disagree,strongly disagree,disagree,strongly agree,disagree,agree,strongly agree,disagree,disagree,agree,neither agree nor disagree,strongly disagree,disagree,disagree,strongly disagree,disagree,strongly agree,strongly disagree,strongly agree,strongly agree,disagree,strongly agree,disagree,disagree
"closed to experience, conscientious, introverted, agreeable and highly emotionally stable",strongly disagree,strongly disagree,strongly agree,strongly disagree,neither agree nor disagree,strongly agree,disagree,strongly disagree,strongly agree,agree,disagree,strongly disagree,strongly agree,strongly disagree,strongly disagree,strongly agree,agree,strongly disagree,strongly agree,strongly agree,disagree,disagree,strongly agree,strongly disagree,disagree,strongly agree,agree,strongly disagree,strongly disagree,strongly agree,strongly disagree,disagree,strongly agree,strongly disagree,disagree,strongly agree,agree,strongly disagree,strongly disagree,disagree,disagree,agree,strongly agree,strongly disagree,agree,agree,agree,strongly agree,strongly disagree,disagree
"closed to experience, conscientious, introverted, agreeable and slightly emotionally stable",strongly disagree,strongly disagree,strongly agree,disagree,disagree,strongly agree,disagree,strongly disagree,disagree,strongly agree,disagree,strongly disagree,strongly agree,disagree,strongly disagree,strongly agree,agree,strongly disagree,agree,strongly agree,disagree,disagree,strongly agree,disagree,disagree,agree,agree,strongly disagree,disagree,strongly agree,disagree,disagree,strongly agree,disagree,disagree,strongly agree,agree,strongly disagree,disagree,disagree,disagree,neither agree nor disagree,strongly agree,disagree,strongly agree,strongly agree,disagree,strongly agree,disagree,disagree
"highly closed to experience, conscientious, introverted, antagonistic and neurotic",strongly disagree,strongly agree,agree,strongly agree,neither agree nor disagree,strongly agree,strongly disagree,strongly disagree,strongly disagree,strongly agree,strongly disagree,strongly agree,strongly agree,strongly agree,strongly disagree,strongly agree,strongly disagree,strongly disagree,strongly disagree,strongly agree,disagree,strongly agree,strongly agree,strongly agree,disagree,strongly agree,strongly disagree,strongly disagree,strongly agree,strongly agree,strongly disagree,strongly agree,strongly agree,strongly agree,disagree,strongly agree,strongly disagree,strongly disagree,strongly agree,disagree,strongly disagree,strongly disagree,strongly agree,strongly agree,strongly agree,strongly agree,strongly disagree,strongly agree,strongly agree,strongly disagree
"slightly closed to experience, conscientious, introverted, antagonistic and neurotic",strongly disagree,strongly agree,strongly agree,strongly agree,disagree,strongly agree,strongly disagree,strongly disagree,strongly disagree,agree,disagree,strongly agree,strongly agree,strongly agree,disagree,agree,strongly disagree,disagree,strongly disagree,agree,strongly disagree,strongly agree,strongly agree,strongly agree,disagree,agree,strongly disagree,strongly disagree,strongly agree,agree,disagree,strongly agree,strongly agree,strongly agree,disagree,strongly agree,disagree,strongly disagree,strongly agree,agree,disagree,disagree,strongly agree,strongly agree,agree,strongly agree,disagree,strongly agree,strongly agree,disagree
"closed to experience, highly conscientious, introverted, antagonistic and neurotic",strongly disagree,strongly agree,strongly agree,strongly agree,neither agree nor disagree,strongly agree,disagree,strongly disagree,strongly disagree,strongly agree,strongly disagree,strongly agree,strongly agree,strongly agree,strongly disagree,strongly agree,disagree,strongly disagree,strongly disagree,strongly agree,strongly disagree,strongly agree,strongly agree,strongly agree,disagree,strongly agree,strongly disagree,strongly disagree,strongly agree,strongly agree,strongly disagree,strongly agree,strongly agree,strongly agree,disagree,strongly agree,strongly disagree,strongly disagree,strongly agree,disagree,strongly disagree,strongly disagree,"statement: 'follow a schedule.'. 
strongly agree",strongly agree,strongly agree,strongly agree,strongly disagree,strongly agree,strongly agree,disagree
"closed to experience, slightly conscientious, introverted, antagonistic and neurotic",strongly disagree,strongly agree,disagree,strongly agree,agree,strongly agree,strongly disagree,strongly disagree,disagree,agree,strongly disagree,strongly agree,agree,strongly agree,disagree,agree,disagree,disagree,disagree,strongly agree,strongly disagree,strongly agree,disagree,strongly agree,disagree,agree,"statement: 'have a soft heart.'. 
disagree",agree,strongly agree,strongly agree,strongly disagree,agree,agree,strongly agree,disagree,strongly agree,strongly disagree,agree,strongly agree,disagree,disagree,disagree,agree,strongly agree,agree,strongly agree,disagree,disagree,strongly agree,disagree
"closed to experience, conscientious, highly introverted, antagonistic and neurotic",strongly disagree,agree,strongly agree,strongly agree,agree,strongly agree,strongly disagree,strongly disagree,strongly disagree,strongly agree,strongly disagree,strongly agree,strongly agree,strongly agree,strongly disagree,strongly agree,strongly disagree,disagree,strongly disagree,strongly agree,strongly disagree,strongly agree,strongly agree,strongly agree,disagree,strongly agree,strongly disagree,strongly disagree,strongly agree,strongly agree,strongly disagree,strongly agree,strongly agree,agree,disagree,strongly agree,disagree,strongly disagree,strongly agree,disagree,strongly disagree,disagree,strongly agree,strongly agree,strongly agree,strongly agree,strongly disagree,strongly agree,strongly agree,disagree
"closed to experience, conscientious, slightly introverted, antagonistic and neurotic",strongly disagree,agree,strongly agree,strongly agree,neither agree nor disagree,agree,strongly disagree,strongly disagree,strongly disagree,agree,strongly disagree,strongly agree,strongly agree,strongly agree,disagree,agree,strongly disagree,strongly disagree,strongly disagree,strongly agree,strongly disagree,strongly agree,agree,strongly agree,neither agree nor disagree,agree,disagree,strongly disagree,strongly agree,strongly agree,strongly disagree,strongly agree,strongly agree,strongly agree,disagree,strongly agree,disagree,strongly disagree,strongly agree,disagree,strongly disagree,disagree,strongly agree,strongly agree,strongly agree,agree,disagree,strongly agree,strongly agree,disagree
"closed to experience, conscientious, introverted, highly antagonistic and neurotic",strongly disagree,strongly agree,strongly agree,strongly agree,disagree,strongly agree,strongly disagree,strongly disagree,strongly disagree,agree,strongly disagree,strongly agree,strongly agree,strongly agree,disagree,agree,strongly disagree,strongly disagree,strongly disagree,strongly agree,strongly disagree,strongly agree,agree,strongly agree,disagree,agree,strongly disagree,disagree,strongly agree,strongly agree,strongly disagree,strongly agree,strongly agree,strongly agree,disagree,strongly agree,disagree,strongly disagree,strongly agree,disagree,strongly disagree,strongly disagree,strongly agree,strongly agree,strongly agree,strongly agree,strongly disagree,strongly agree,agree,disagree
"closed to experience, conscientious, introverted, slightly antagonistic and neurotic",disagree,agree,strongly agree,strongly agree,disagree,strongly agree,strongly disagree,"statement: 'leave my belongings around.'. 
strongly disagree",strongly disagree,agree,disagree,disagree,strongly agree,strongly agree,disagree,agree,disagree,strongly disagree,strongly disagree,strongly agree,strongly disagree,agree,strongly agree,strongly agree,disagree,agree,disagree,strongly disagree,strongly agree,agree,strongly disagree,strongly agree,strongly agree,strongly agree,disagree,agree,disagree,strongly disagree,strongly agree,disagree,disagree,disagree,strongly agree,strongly agree,strongly agree,strongly agree,disagree,strongly agree,strongly agree,disagree
"closed to experience, conscientious, introverted, antagonistic and highly neurotic",strongly disagree,strongly agree,strongly agree,strongly agree,disagree,strongly agree,strongly disagree,strongly disagree,strongly disagree,strongly agree,strongly disagree,agree,strongly agree,strongly agree,disagree,strongly agree,strongly disagree,strongly disagree,strongly disagree,strongly agree,strongly disagree,strongly agree,agree,strongly agree,disagree,strongly agree,strongly disagree,strongly disagree,strongly agree,strongly agree,strongly disagree,strongly agree,strongly agree,strongly agree,disagree,strongly agree,strongly disagree,strongly disagree,strongly agree,disagree,strongly disagree,disagree,strongly agree,strongly agree,strongly agree,strongly agree,strongly disagree,strongly agree,strongly agree,disagree
"closed to experience, conscientious, introverted, antagonistic and slightly neurotic",strongly disagree,strongly agree,strongly agree,agree,neither agree nor disagree,strongly agree,disagree,strongly disagree,disagree,strongly agree,strongly disagree,agree,strongly agree,agree,disagree,agree,disagree,strongly disagree,disagree,strongly agree,disagree,strongly agree,strongly agree,agree,disagree,agree,strongly disagree,strongly disagree,agree,strongly agree,strongly disagree,strongly agree,strongly agree,agree,disagree,strongly agree,strongly disagree,strongly disagree,disagree,disagree,disagree,disagree,strongly agree,agree,agree,strongly agree,strongly disagree,strongly agree,agree,disagree
"highly closed to experience, conscientious, introverted, antagonistic and emotionally stable",strongly disagree,strongly agree,strongly agree,strongly disagree,agree,strongly agree,strongly disagree,strongly disagree,agree,strongly agree,disagree,strongly agree,strongly agree,disagree,strongly disagree,agree,strongly disagree,strongly disagree,strongly agree,strongly agree,strongly disagree,strongly agree,strongly agree,strongly disagree,agree,strongly agree,strongly disagree,strongly disagree,strongly disagree,strongly agree,strongly disagree,strongly agree,strongly agree,strongly disagree,neither agree nor disagree,strongly agree,disagree,strongly disagree,strongly disagree,disagree,strongly disagree,disagree,strongly agree,disagree,agree,strongly agree,disagree,strongly agree,strongly disagree,strongly disagree
"slightly closed to experience, conscientious, introverted, antagonistic and emotionally stable",strongly disagree,agree,strongly agree,strongly disagree,neither agree nor disagree,strongly agree,disagree,strongly disagree,agree,agree,disagree,agree,strongly agree,disagree,disagree,agree,disagree,strongly disagree,strongly agree,agree,disagree,agree,strongly agree,disagree,disagree,agree,disagree,strongly disagree,disagree,agree,disagree,strongly agree,strongly agree,disagree,disagree,strongly agree,disagree,strongly disagree,strongly disagree,agree,disagree,disagree,strongly agree,disagree,agree,strongly agree,disagree,strongly agree,strongly disagree,disagree
"closed to experience, highly conscientious, introverted, antagonistic and emotionally stable",strongly disagree,strongly agree,strongly agree,strongly disagree,disagree,strongly agree,strongly disagree,strongly disagree,agree,strongly agree,strongly disagree,agree,strongly agree,strongly disagree,disagree,agree,disagree,strongly disagree,strongly agree,strongly agree,disagree,agree,strongly agree,strongly disagree,agree,strongly agree,strongly disagree,strongly disagree,strongly disagree,strongly agree,strongly disagree,strongly agree,strongly agree,"statement: 'change my mood a lot.'. 
strongly disagree",disagree,strongly agree,disagree,strongly disagree,strongly disagree,disagree,disagree,disagree,strongly agree,disagree,agree,strongly agree,strongly disagree,strongly agree,strongly disagree,disagree
"closed to experience, slightly conscientious, introverted, antagonistic and emotionally stable",strongly disagree,strongly agree,disagree,disagree,disagree,agree,disagree,disagree,agree,agree,disagree,strongly agree,neither agree nor disagree,disagree,strongly disagree,agree,"statement: 'sympathize with others' feelings.'. 
disagree",disagree,strongly agree,strongly agree,strongly disagree,strongly agree,disagree,strongly disagree,disagree,agree,strongly disagree,disagree,disagree,strongly agree,strongly disagree,agree,agree,disagree,neither agree nor disagree,strongly agree,strongly disagree,disagree,strongly disagree,disagree,disagree,disagree,agree,disagree,neither agree nor disagree,strongly agree,disagree,disagree,disagree,disagree
"closed to experience, conscientious, highly introverted, antagonistic and emotionally stable",strongly disagree,agree,strongly agree,strongly disagree,agree,strongly agree,strongly disagree,strongly disagree,agree,agree,disagree,strongly agree,strongly agree,disagree,strongly disagree,strongly agree,strongly disagree,strongly disagree,strongly agree,strongly agree,strongly disagree,strongly agree,strongly agree,strongly disagree,disagree,strongly agree,strongly disagree,strongly disagree,disagree,strongly agree,strongly disagree,strongly agree,strongly agree,strongly disagree,disagree,strongly agree,disagree,strongly disagree,strongly disagree,disagree,disagree,strongly disagree,strongly agree,disagree,agree,strongly agree,disagree,strongly agree,strongly disagree,disagree
"closed to experience, conscientious, slightly introverted, antagonistic and emotionally stable",strongly disagree,strongly agree,strongly agree,disagree,neither agree nor disagree,agree,disagree,strongly disagree,disagree,agree,disagree,strongly agree,strongly agree,disagree,strongly disagree,agree,disagree,disagree,strongly agree,strongly agree,disagree,strongly agree,strongly agree,disagree,disagree,agree,strongly disagree,disagree,strongly disagree,strongly agree,strongly disagree,agree,strongly agree,strongly disagree,disagree,agree,disagree,strongly disagree,strongly disagree,agree,disagree,disagree,strongly agree,disagree,agree,agree,disagree,strongly agree,strongly disagree,disagree
"closed to experience, conscientious, introverted, highly antagonistic and emotionally stable",strongly disagree,strongly agree,strongly agree,strongly disagree,disagree,strongly agree,strongly disagree,strongly disagree,disagree,strongly agree,strongly disagree,strongly agree,strongly agree,strongly disagree,strongly disagree,agree,strongly disagree,strongly disagree,strongly agree,strongly agree,disagree,strongly agree,strongly agree,strongly disagree,disagree,agree,strongly disagree,strongly disagree,disagree,strongly agree,strongly disagree,strongly agree,strongly agree,strongly disagree,disagree,strongly agree,strongly disagree,strongly disagree,strongly disagree,disagree,strongly disagree,strongly disagree,strongly agree,disagree,agree,strongly agree,strongly disagree,strongly agree,disagree,disagree
"closed to experience, conscientious, introverted, slightly antagonistic and emotionally stable",strongly disagree,agree,strongly agree,strongly disagree,neither agree nor disagree,agree,disagree,strongly disagree,agree,agree,disagree,disagree,strongly agree,disagree,disagree,agree,disagree,disagree,agree,strongly agree,strongly disagree,agree,strongly agree,disagree,disagree,strongly agree,disagree,strongly disagree,strongly disagree,strongly agree,disagree,agree,strongly agree,strongly disagree,disagree,strongly agree,disagree,strongly disagree,strongly disagree,disagree,disagree,disagree,strongly agree,disagree,strongly agree,strongly agree,disagree,strongly agree,disagree,strongly disagree
"closed to experience, conscientious, introverted, antagonistic and highly emotionally stable",strongly disagree,strongly agree,strongly agree,strongly disagree,disagree,strongly agree,disagree,strongly disagree,agree,strongly agree,strongly disagree,agree,strongly agree,strongly disagree,strongly disagree,agree,strongly disagree,strongly disagree,strongly agree,strongly agree,strongly disagree,strongly agree,strongly agree,strongly disagree,disagree,agree,strongly disagree,strongly disagree,strongly disagree,strongly agree,strongly disagree,strongly agree,strongly agree,statement: 'change my mood a lot.'. strongly disagree,agree,strongly agree,disagree,strongly disagree,strongly disagree,disagree,strongly disagree,disagree,strongly agree,strongly disagree,agree,strongly agree,strongly disagree,strongly agree,strongly disagree,disagree
"closed to experience, conscientious, introverted, antagonistic and slightly emotionally stable",strongly disagree,strongly agree,agree,disagree,neither agree nor disagree,strongly agree,strongly disagree,strongly disagree,disagree,strongly agree,strongly disagree,strongly agree,strongly agree,disagree,strongly disagree,agree,disagree,strongly disagree,agree,strongly agree,disagree,strongly agree,strongly agree,disagree,disagree,agree,strongly disagree,strongly disagree,disagree,strongly agree,strongly disagree,strongly agree,strongly agree,disagree,disagree,strongly agree,disagree,strongly disagree,disagree,disagree,disagree,disagree,strongly agree,agree,agree,agree,disagree,strongly agree,disagree,disagree
"highly closed to experience, unconscientious, extroverted, agreeable and neurotic",strongly agree,strongly disagree,disagree,strongly agree,disagree,strongly disagree,agree,strongly agree,strongly disagree,strongly agree,strongly agree,strongly disagree,strongly disagree,strongly agree,strongly disagree,disagree,strongly agree,strongly agree,strongly disagree,strongly agree,strongly agree,strongly disagree,disagree,strongly agree,disagree,strongly disagree,agree,strongly agree,strongly agree,strongly agree,strongly agree,disagree,disagree,strongly agree,disagree,strongly disagree,agree,strongly agree,strongly agree,disagree,strongly agree,agree,disagree,strongly agree,disagree,strongly disagree,strongly agree,disagree,strongly agree,disagree
"slightly closed to experience, unconscientious, extroverted, agreeable and neurotic",strongly agree,strongly disagree,disagree,strongly agree,disagree,disagree,strongly agree,strongly agree,strongly disagree,agree,agree,strongly disagree,disagree,strongly agree,disagree,disagree,strongly agree,agree,disagree,agree,strongly agree,disagree,disagree,agree,disagree,disagree,agree,agree,strongly agree,agree,strongly agree,strongly disagree,disagree,"statement: 'change my mood a lot.'. 
strongly agree",disagree,disagree,agree,strongly agree,strongly agree,disagree,strongly agree,agree,disagree,strongly agree,disagree,disagree,agree,disagree,strongly agree,disagree
"closed to experience, highly unconscientious, extroverted, agreeable and neurotic",strongly agree,strongly disagree,strongly disagree,strongly agree,disagree,strongly disagree,strongly agree,strongly agree,strongly disagree,strongly agree,strongly agree,strongly disagree,strongly disagree,strongly agree,strongly disagree,strongly disagree,strongly agree,strongly agree,strongly disagree,strongly agree,strongly agree,disagree,disagree,strongly agree,disagree,disagree,strongly agree,strongly agree,strongly agree,strongly agree,strongly agree,disagree,strongly disagree,strongly agree,disagree,strongly disagree,agree,strongly agree,strongly agree,strongly disagree,strongly agree,strongly agree,strongly disagree,strongly agree,disagree,disagree,strongly agree,strongly disagree,strongly agree,disagree
"closed to experience, slightly unconscientious, extroverted, agreeable and neurotic",strongly agree,strongly disagree,disagree,strongly agree,disagree,strongly disagree,strongly agree,agree,disagree,agree,agree,strongly disagree,disagree,strongly agree,disagree,disagree,strongly agree,agree,strongly disagree,strongly agree,agree,disagree,disagree,strongly agree,disagree,disagree,agree,agree,strongly agree,strongly agree,strongly agree,strongly disagree,disagree,strongly agree,disagree,strongly disagree,strongly agree,agree,strongly agree,strongly disagree,strongly agree,strongly agree,disagree,strongly agree,disagree,disagree,strongly agree,disagree,strongly agree,disagree
"closed to experience, unconscientious, highly extroverted, agreeable and neurotic",strongly agree,strongly disagree,disagree,strongly agree,disagree,strongly disagree,strongly agree,strongly agree,disagree,agree,strongly agree,disagree,disagree,strongly agree,disagree,disagree,strongly agree,strongly agree,strongly disagree,strongly agree,strongly agree,disagree,disagree,strongly agree,disagree,strongly disagree,strongly agree,strongly agree,strongly agree,strongly agree,strongly agree,strongly disagree,neither agree nor disagree,strongly agree,strongly disagree,strongly disagree,agree,strongly agree,strongly agree,disagree,strongly agree,strongly agree,disagree,strongly agree,disagree,disagree,strongly agree,disagree,strongly agree,disagree
"closed to experience, unconscientious, slightly extroverted, agreeable and neurotic",disagree,strongly disagree,disagree,strongly agree,strongly disagree,disagree,agree,strongly agree,strongly disagree,strongly agree,agree,strongly disagree,disagree,strongly agree,strongly disagree,agree,strongly agree,strongly agree,strongly disagree,strongly agree,agree,disagree,disagree,strongly agree,disagree,disagree,strongly agree,strongly agree,strongly agree,agree,agree,disagree,disagree,strongly agree,disagree,disagree,agree,agree,agree,disagree,neither agree nor disagree,agree,disagree,strongly agree,disagree,disagree,agree,disagree,strongly agree,disagree
"closed to experience, unconscientious, extroverted, highly agreeable and neurotic",strongly agree,strongly disagree,disagree,strongly agree,disagree,strongly disagree,strongly agree,strongly agree,strongly disagree,strongly agree,strongly agree,strongly disagree,disagree,strongly agree,strongly disagree,disagree,strongly agree,strongly agree,strongly disagree,strongly agree,strongly agree,disagree,disagree,strongly agree,disagree,strongly disagree,strongly agree,strongly agree,strongly agree,strongly agree,strongly agree,strongly disagree,disagree,strongly agree,disagree,strongly disagree,strongly agree,strongly agree,strongly agree,disagree,strongly agree,strongly agree,disagree,strongly agree,disagree,disagree,strongly agree,disagree,strongly agree,disagree
"closed to experience, unconscientious, extroverted, slightly agreeable and neurotic",strongly agree,disagree,strongly disagree,strongly agree,disagree,strongly disagree,agree,strongly agree,strongly disagree,agree,agree,agree,disagree,strongly agree,disagree,disagree,neither agree nor disagree,strongly agree,strongly disagree,agree,strongly agree,disagree,disagree,strongly agree,disagree,disagree,agree,strongly agree,strongly agree,strongly agree,agree,disagree,disagree,strongly agree,disagree,disagree,neither agree nor disagree,agree,strongly agree,disagree,strongly agree,agree,disagree,strongly agree,disagree,disagree,neither agree nor disagree,strongly disagree,strongly agree,disagree
"closed to experience, unconscientious, extroverted, agreeable and highly neurotic",strongly agree,strongly disagree,strongly disagree,strongly agree,disagree,strongly disagree,strongly agree,strongly agree,strongly disagree,strongly agree,agree,disagree,disagree,strongly agree,strongly disagree,disagree,strongly agree,strongly agree,strongly disagree,strongly agree,agree,strongly disagree,disagree,strongly agree,disagree,strongly disagree,strongly agree,strongly agree,strongly agree,strongly agree,strongly agree,strongly disagree,disagree,strongly agree,disagree,strongly disagree,agree,strongly agree,strongly agree,strongly disagree,strongly agree,strongly agree,disagree,strongly agree,disagree,disagree,agree,disagree,strongly agree,strongly disagree
"closed to experience, unconscientious, extroverted, agreeable and slightly neurotic",strongly agree,disagree,disagree,agree,disagree,strongly disagree,agree,strongly agree,disagree,agree,strongly agree,disagree,disagree,agree,disagree,strongly disagree,strongly agree,strongly agree,neither agree nor disagree,strongly agree,strongly agree,disagree,disagree,agree,disagree,disagree,strongly agree,strongly agree,agree,agree,strongly agree,disagree,disagree,agree,disagree,strongly disagree,agree,agree,disagree,disagree,strongly agree,agree,disagree,neither agree nor disagree,disagree,disagree,strongly agree,disagree,disagree,disagree
"highly closed to experience, unconscientious, extroverted, agreeable and emotionally stable",strongly agree,strongly disagree,strongly disagree,strongly disagree,disagree,strongly disagree,strongly agree,strongly agree,agree,strongly agree,strongly agree,strongly disagree,disagree,disagree,strongly disagree,disagree,strongly agree,strongly agree,strongly agree,strongly agree,strongly agree,strongly disagree,disagree,disagree,disagree,strongly disagree,strongly agree,strongly agree,strongly disagree,strongly agree,strongly agree,disagree,strongly disagree,strongly disagree,agree,strongly disagree,strongly agree,strongly agree,strongly disagree,disagree,strongly agree,agree,disagree,strongly disagree,disagree,disagree,strongly agree,disagree,disagree,strongly disagree
"slightly closed to experience, unconscientious, extroverted, agreeable and emotionally stable",strongly agree,strongly disagree,disagree,disagree,disagree,strongly disagree,strongly agree,strongly agree,agree,agree,strongly agree,strongly disagree,disagree,strongly disagree,disagree,disagree,agree,strongly agree,strongly agree,agree,strongly agree,strongly disagree,disagree,strongly disagree,agree,disagree,agree,strongly agree,strongly disagree,agree,strongly agree,strongly disagree,disagree,disagree,disagree,strongly disagree,agree,strongly agree,strongly disagree,disagree,strongly agree,agree,disagree,disagree,disagree,strongly disagree,strongly agree,disagree,disagree,disagree
"closed to experience, highly unconscientious, extroverted, agreeable and emotionally stable",strongly agree,strongly disagree,strongly disagree,disagree,disagree,strongly disagree,strongly agree,strongly agree,strongly agree,agree,strongly agree,strongly disagree,disagree,strongly disagree,disagree,strongly disagree,strongly agree,strongly agree,strongly agree,strongly agree,strongly agree,strongly disagree,strongly disagree,strongly disagree,disagree,disagree,agree,strongly agree,strongly disagree,strongly agree,strongly agree,strongly disagree,strongly disagree,strongly disagree,disagree,strongly disagree,agree,strongly agree,strongly disagree,disagree,strongly agree,agree,strongly disagree,disagree,disagree,disagree,strongly agree,strongly disagree,strongly disagree,disagree
"closed to experience, slightly unconscientious, extroverted, agreeable and emotionally stable",agree,disagree,disagree,strongly disagree,disagree,strongly disagree,strongly agree,agree,agree,strongly agree,strongly agree,disagree,disagree,disagree,strongly disagree,strongly disagree,strongly agree,agree,strongly agree,strongly agree,strongly agree,disagree,disagree,strongly disagree,disagree,disagree,agree,agree,strongly disagree,strongly agree,agree,disagree,disagree,disagree,disagree,strongly disagree,agree,neither agree nor disagree,strongly disagree,disagree,strongly agree,agree,disagree,disagree,disagree,disagree,strongly agree,disagree,strongly disagree,disagree
"closed to experience, unconscientious, highly extroverted, agreeable and emotionally stable",strongly agree,strongly disagree,strongly disagree,disagree,disagree,strongly disagree,strongly agree,strongly agree,strongly agree,agree,strongly agree,strongly disagree,disagree,disagree,strongly disagree,disagree,strongly agree,strongly agree,strongly agree,strongly agree,strongly agree,strongly disagree,disagree,strongly disagree,disagree,disagree,strongly agree,strongly agree,strongly disagree,strongly agree,strongly agree,strongly disagree,disagree,strongly disagree,disagree,strongly disagree,agree,agree,strongly disagree,disagree,strongly agree,agree,strongly disagree,strongly disagree,disagree,strongly disagree,strongly agree,disagree,strongly disagree,disagree
"closed to experience, unconscientious, slightly extroverted, agreeable and emotionally stable",agree,strongly disagree,disagree,strongly disagree,disagree,disagree,agree,strongly agree,agree,agree,agree,strongly disagree,disagree,strongly disagree,disagree,disagree,agree,strongly agree,strongly agree,strongly agree,agree,strongly disagree,disagree,strongly disagree,disagree,disagree,strongly agree,agree,strongly disagree,strongly agree,agree,disagree,statement: 'like order.' disagree,disagree,disagree,i strongly disagree,agree,agree,disagree,disagree,agree,agree,disagree,strongly disagree,disagree,disagree,agree,disagree,strongly disagree,disagree
"closed to experience, unconscientious, extroverted, highly agreeable and emotionally stable",strongly agree,strongly disagree,strongly disagree,strongly disagree,disagree,strongly disagree,strongly agree,strongly agree,strongly agree,agree,strongly agree,strongly disagree,disagree,disagree,strongly disagree,strongly disagree,strongly agree,agree,strongly agree,strongly agree,strongly agree,strongly disagree,disagree,strongly disagree,disagree,strongly disagree,strongly agree,strongly agree,strongly disagree,strongly agree,strongly agree,strongly disagree,disagree,strongly disagree,disagree,strongly disagree,strongly agree,strongly agree,strongly disagree,disagree,strongly agree,strongly agree,disagree,strongly disagree,disagree,disagree,strongly agree,disagree,strongly disagree,disagree
"closed to experience, unconscientious, extroverted, slightly agreeable and emotionally stable",strongly agree,disagree,disagree,strongly disagree,disagree,strongly disagree,agree,"statement: 'leave my belongings around.'.  
agree",strongly agree,strongly agree,strongly agree,disagree,disagree,disagree,strongly disagree,strongly disagree,disagree,strongly agree,strongly agree,strongly agree,strongly agree,disagree,disagree,strongly disagree,disagree,disagree,disagree,strongly agree,disagree,agree,strongly agree,disagree,disagree,disagree,neither agree nor disagree,disagree,disagree,strongly agree,strongly disagree,disagree,strongly agree,neither agree nor disagree,disagree,disagree,disagree,disagree,agree,disagree,disagree,strongly disagree
"closed to experience, unconscientious, extroverted, agreeable and highly emotionally stable",strongly agree,strongly disagree,strongly disagree,strongly disagree,disagree,strongly disagree,strongly agree,strongly agree,strongly agree,strongly agree,strongly agree,strongly disagree,disagree,strongly disagree,disagree,disagree,strongly agree,"statement: 'make a mess of things.'  
strongly agree",strongly agree,strongly agree,strongly agree,disagree,disagree,strongly disagree,disagree,strongly disagree,agree,strongly agree,strongly disagree,strongly agree,strongly agree,strongly disagree,strongly disagree,strongly disagree,disagree,strongly disagree,agree,agree,strongly disagree,disagree,strongly agree,strongly agree,strongly disagree,strongly disagree,disagree,disagree,strongly agree,disagree,strongly disagree,disagree
"closed to experience, unconscientious, extroverted, agreeable and slightly emotionally stable",strongly agree,disagree,disagree,agree,disagree,strongly disagree,strongly agree,strongly agree,disagree,agree,strongly agree,disagree,disagree,disagree,disagree,disagree,agree,agree,disagree,strongly agree,strongly agree,disagree,disagree,agree,disagree,disagree,agree,agree,disagree,strongly agree,strongly agree,strongly disagree,disagree,disagree,disagree,strongly disagree,agree,agree,disagree,disagree,strongly agree,agree,disagree,disagree,disagree,disagree,strongly agree,disagree,disagree,disagree
"highly closed to experience, unconscientious, extroverted, antagonistic and neurotic",strongly agree,strongly agree,strongly disagree,strongly agree,disagree,disagree,agree,strongly agree,strongly disagree,strongly agree,agree,strongly agree,strongly disagree,strongly agree,strongly disagree,strongly disagree,strongly disagree,agree,strongly disagree,strongly agree,"statement: 'start conversations.'. 
strongly agree",strongly agree,disagree,strongly agree,disagree,strongly disagree,strongly disagree,strongly agree,strongly agree,strongly agree,strongly agree,disagree,strongly disagree,strongly agree,disagree,strongly disagree,disagree,strongly agree,strongly agree,strongly disagree,strongly agree,disagree,strongly disagree,strongly agree,disagree,disagree,strongly disagree,strongly disagree,strongly agree,disagree
"slightly closed to experience, unconscientious, extroverted, antagonistic and neurotic",strongly agree,strongly agree,disagree,strongly agree,neither agree nor disagree,strongly disagree,agree,strongly agree,strongly disagree,agree,agree,strongly agree,disagree,strongly agree,disagree,disagree,disagree,strongly agree,strongly disagree,agree,strongly agree,strongly agree,disagree,strongly agree,disagree,strongly disagree,strongly disagree,strongly agree,strongly agree,agree,strongly agree,disagree,disagree,"statement: 'change my mood a lot.'.  
strongly agree",disagree,strongly disagree,disagree,strongly agree,strongly agree,disagree,strongly agree,disagree,disagree,strongly agree,disagree,disagree,disagree,disagree,strongly agree,disagree
"closed to experience, highly unconscientious, extroverted, antagonistic and neurotic",strongly agree,strongly agree,strongly disagree,strongly agree,disagree,strongly disagree,disagree,strongly agree,strongly disagree,strongly agree,strongly agree,strongly agree,strongly disagree,strongly agree,strongly disagree,strongly disagree,disagree,strongly agree,strongly disagree,strongly agree,strongly agree,strongly agree,strongly disagree,strongly agree,disagree,strongly disagree,strongly disagree,strongly agree,strongly agree,strongly agree,strongly agree,disagree,agree,strongly agree,disagree,strongly disagree,strongly disagree,strongly agree,strongly agree,disagree,strongly agree,strongly disagree,strongly disagree,strongly agree,disagree,strongly disagree,disagree,strongly disagree,strongly agree,disagree
"closed to experience, slightly unconscientious, extroverted, antagonistic and neurotic",agree,strongly agree,disagree,strongly agree,agree,strongly disagree,agree,agree,strongly disagree,strongly agree,strongly agree,strongly agree,disagree,strongly agree,disagree,strongly disagree,disagree,agree,strongly disagree,strongly agree,strongly agree,strongly agree,disagree,strongly agree,disagree,strongly disagree,disagree,agree,strongly agree,strongly agree,strongly agree,disagree,disagree,"statement: 'change my mood a lot.'. 
strongly agree",disagree,strongly disagree,disagree,agree,strongly agree,agree,strongly agree,disagree,disagree,strongly agree,disagree,disagree,"statement: 'make people feel at ease.'.  
disagree",disagree,strongly agree,disagree
"closed to experience, unconscientious, highly extroverted, antagonistic and neurotic",strongly agree,strongly agree,disagree,"statement: 'get stressed out easily.'. 
strongly agree",agree,strongly disagree,agree,strongly agree,strongly disagree,agree,"statement: 'feel comfortable around people.'.
strongly agree",strongly agree,disagree,strongly agree,strongly disagree,strongly disagree,disagree,strongly agree,strongly disagree,strongly agree,strongly agree,strongly agree,disagree,strongly agree,agree,disagree,disagree,strongly agree,strongly agree,strongly agree,strongly agree,strongly disagree,agree,strongly agree,disagree,strongly disagree,disagree,strongly agree,strongly agree,disagree,strongly agree,disagree,strongly disagree,strongly agree,disagree,strongly disagree,strongly disagree,disagree,strongly agree,disagree
"closed to experience, unconscientious, slightly extroverted, antagonistic and neurotic",disagree,strongly agree,"statement: 'am always prepared.'. 
strongly disagree",strongly agree,disagree,disagree,agree,strongly agree,strongly disagree,strongly agree,neither agree nor disagree,strongly agree,disagree,strongly agree,strongly disagree,disagree,disagree,agree,disagree,strongly agree,agree,strongly agree,disagree,strongly agree,disagree,disagree,disagree,strongly agree,strongly agree,strongly agree,agree,agree,strongly disagree,strongly agree,disagree,disagree,disagree,strongly agree,strongly agree,disagree,agree,strongly disagree,disagree,strongly agree,disagree,disagree,disagree,disagree,strongly agree,disagree
"closed to experience, unconscientious, extroverted, highly antagonistic and neurotic",strongly agree,strongly agree,strongly disagree,strongly agree,neither agree nor disagree,strongly disagree,agree,strongly agree,strongly disagree,strongly agree,strongly agree,strongly agree,disagree,strongly agree,strongly disagree,strongly disagree,strongly disagree,strongly agree,strongly disagree,strongly agree,strongly agree,strongly agree,disagree,strongly agree,disagree,strongly disagree,strongly disagree,strongly agree,strongly agree,strongly agree,strongly agree,disagree,strongly disagree,strongly agree,disagree,strongly disagree,disagree,strongly agree,strongly agree,disagree,strongly agree,strongly disagree,strongly disagree,strongly agree,disagree,strongly disagree,strongly disagree,disagree,strongly agree,disagree
"closed to experience, unconscientious, extroverted, slightly antagonistic and neurotic",strongly agree,agree,strongly disagree,strongly agree,disagree,strongly disagree,agree,strongly agree,strongly disagree,strongly agree,strongly agree,agree,disagree,strongly agree,strongly disagree,strongly disagree,disagree,agree,strongly disagree,agree,strongly agree,agree,disagree,strongly agree,disagree,disagree,disagree,strongly agree,strongly agree,strongly agree,strongly agree,disagree,disagree,strongly agree,disagree,strongly disagree,disagree,strongly agree,strongly agree,disagree,strongly agree,disagree,disagree,strongly agree,disagree,strongly disagree,disagree,disagree,strongly agree,disagree
"closed to experience, unconscientious, extroverted, antagonistic and highly neurotic",strongly agree,strongly agree,strongly disagree,strongly agree,disagree,strongly disagree,agree,strongly agree,strongly disagree,strongly agree,agree,strongly agree,disagree,strongly agree,strongly disagree,strongly disagree,strongly disagree,strongly agree,strongly disagree,strongly agree,strongly agree,strongly agree,disagree,strongly agree,disagree,disagree,strongly disagree,strongly agree,strongly agree,strongly agree,strongly agree,disagree,disagree,strongly agree,disagree,strongly disagree,strongly disagree,strongly agree,strongly agree,disagree,strongly agree,strongly disagree,strongly disagree,"statement: 'get irritated easily.'. 
strongly agree",disagree,disagree,strongly disagree,disagree,strongly agree,disagree
"closed to experience, unconscientious, extroverted, antagonistic and slightly neurotic",agree,strongly agree,strongly disagree,agree,disagree,strongly disagree,agree,strongly agree,disagree,agree,agree,strongly agree,disagree,agree,disagree,strongly disagree,disagree,strongly agree,disagree,strongly agree,strongly agree,strongly agree,disagree,agree,disagree,disagree,strongly disagree,strongly agree,agree,strongly agree,strongly agree,disagree,disagree,strongly agree,disagree,strongly disagree,disagree,strongly agree,agree,disagree,strongly agree,disagree,disagree,strongly agree,disagree,disagree,"statement: 'make people feel at ease.'. 
strongly disagree",disagree,disagree,disagree
"highly closed to experience, unconscientious, extroverted, antagonistic and emotionally stable",strongly agree,strongly agree,disagree,strongly disagree,disagree,strongly disagree,agree,strongly agree,strongly agree,strongly agree,strongly agree,strongly agree,disagree,strongly disagree,strongly disagree,strongly disagree,disagree,strongly agree,strongly agree,strongly agree,strongly agree,strongly agree,disagree,strongly disagree,disagree,strongly disagree,strongly disagree,strongly agree,strongly disagree,strongly agree,strongly agree,strongly disagree,disagree,strongly disagree,disagree,strongly disagree,strongly disagree,strongly agree,strongly disagree,disagree,strongly agree,disagree,disagree,disagree,strongly disagree,disagree,disagree,disagree,strongly disagree,disagree
"slightly closed to experience, unconscientious, extroverted, antagonistic and emotionally stable",agree,strongly agree,disagree,strongly disagree,neither agree nor disagree,strongly disagree,agree,strongly agree,agree,agree,strongly agree,strongly agree,disagree,strongly disagree,disagree,disagree,disagree,strongly agree,strongly agree,agree,strongly agree,strongly agree,strongly disagree,strongly disagree,agree,disagree,strongly disagree,strongly agree,strongly disagree,agree,strongly agree,disagree,disagree,disagree,disagree,strongly disagree,disagree,strongly agree,disagree,disagree,strongly agree,disagree,disagree,disagree,disagree,disagree,disagree,disagree,strongly disagree,disagree
"closed to experience, highly unconscientious, extroverted, antagonistic and emotionally stable",agree,strongly agree,strongly disagree,strongly disagree,neither agree nor disagree,strongly disagree,agree,strongly agree,agree,agree,agree,strongly agree,disagree,disagree,strongly disagree,strongly disagree,disagree,strongly agree,strongly agree,strongly agree,strongly agree,strongly agree,strongly disagree,disagree,agree,disagree,disagree,strongly agree,strongly disagree,strongly agree,strongly agree,disagree,strongly disagree,disagree,disagree,strongly disagree,strongly disagree,strongly agree,strongly disagree,disagree,strongly agree,strongly disagree,strongly disagree,strongly disagree,disagree,disagree,disagree,disagree,disagree,disagree
"closed to experience, slightly unconscientious, extroverted, antagonistic and emotionally stable",strongly agree,strongly agree,disagree,disagree,disagree,strongly disagree,agree,agree,agree,agree,strongly agree,strongly agree,disagree,disagree,disagree,strongly disagree,strongly disagree,agree,strongly agree,strongly agree,strongly agree,strongly agree,disagree,strongly disagree,disagree,strongly disagree,strongly disagree,agree,disagree,strongly agree,strongly agree,disagree,disagree,disagree,disagree,strongly disagree,disagree,agree,disagree,disagree,strongly agree,strongly disagree,disagree,disagree,disagree,strongly disagree,disagree,disagree,disagree,disagree
"closed to experience, unconscientious, highly extroverted, antagonistic and emotionally stable",strongly agree,strongly agree,disagree,disagree,disagree,strongly disagree,strongly agree,strongly agree,strongly agree,agree,strongly agree,strongly agree,disagree,disagree,strongly disagree,strongly disagree,disagree,agree,strongly agree,strongly agree,strongly agree,strongly agree,disagree,strongly disagree,agree,strongly disagree,strongly disagree,strongly agree,strongly disagree,strongly agree,strongly agree,strongly disagree,strongly disagree,strongly disagree,disagree,strongly disagree,strongly disagree,strongly agree,strongly disagree,disagree,strongly agree,strongly disagree,strongly disagree,disagree,disagree,strongly disagree,disagree,disagree,disagree,disagree
"closed to experience, unconscientious, slightly extroverted, antagonistic and emotionally stable",disagree,strongly agree,disagree,strongly disagree,"statement: 'have a rich vocabulary.'. 
disagree",disagree,disagree,strongly agree,agree,strongly agree,agree,strongly agree,disagree,disagree,disagree,disagree,strongly disagree,strongly agree,strongly agree,strongly agree,agree,strongly agree,disagree,strongly disagree,disagree,disagree,strongly disagree,strongly agree,strongly disagree,strongly agree,disagree,agree,strongly disagree,i strongly disagree,disagree,disagree,disagree,strongly agree,strongly disagree,disagree,agree,disagree,disagree,disagree,disagree,disagree,disagree,disagree,strongly disagree,disagree
"closed to experience, unconscientious, extroverted, highly antagonistic and emotionally stable",strongly agree,strongly agree,disagree,disagree,disagree,strongly disagree,agree,strongly agree,agree,agree,strongly agree,strongly agree,strongly disagree,strongly disagree,strongly disagree,strongly disagree,strongly disagree,strongly agree,strongly agree,strongly agree,strongly agree,strongly agree,disagree,strongly disagree,agree,strongly disagree,strongly disagree,strongly agree,disagree,strongly agree,strongly agree,strongly agree,disagree,disagree,neither agree nor disagree,strongly disagree,strongly disagree,strongly agree,strongly disagree,disagree,strongly agree,disagree,strongly disagree,disagree,strongly disagree,disagree,disagree,disagree,disagree,disagree
"closed to experience, unconscientious, extroverted, slightly antagonistic and emotionally stable",strongly agree,agree,disagree,strongly disagree,disagree,disagree,agree,agree,strongly agree,agree,agree,agree,disagree,strongly disagree,strongly disagree,disagree,disagree,agree,strongly agree,strongly agree,"statement: 'start conversations.'  
strongly agree",agree,disagree,strongly disagree,agree,strongly disagree,disagree,strongly agree,disagree,strongly agree,strongly agree,disagree,disagree,strongly disagree,disagree,disagree,disagree,strongly agree,strongly disagree,disagree,strongly agree,disagree,disagree,disagree,disagree,strongly disagree,disagree,disagree,disagree,disagree
"closed to experience, unconscientious, extroverted, antagonistic and highly emotionally stable",strongly agree,strongly agree,strongly disagree,strongly disagree,disagree,disagree,agree,strongly agree,strongly agree,agree,strongly agree,strongly agree,disagree,strongly disagree,strongly disagree,strongly disagree,disagree,agree,strongly agree,strongly agree,strongly agree,strongly agree,disagree,strongly disagree,strongly agree,strongly disagree,strongly disagree,strongly agree,strongly disagree,strongly agree,strongly agree,agree,disagree,strongly disagree,agree,strongly disagree,strongly disagree,strongly agree,strongly disagree,disagree,strongly agree,disagree,strongly disagree,strongly disagree,strongly disagree,disagree,disagree,disagree,strongly disagree,disagree
"closed to experience, unconscientious, extroverted, antagonistic and slightly emotionally stable",agree,strongly agree,disagree,disagree,agree,strongly disagree,agree,strongly agree,disagree,agree,agree,strongly agree,disagree,disagree,strongly disagree,strongly disagree,disagree,strongly agree,agree,strongly agree,strongly agree,strongly agree,disagree,disagree,agree,strongly disagree,disagree,strongly agree,disagree,strongly agree,agree,disagree,disagree,disagree,disagree,strongly disagree,disagree,strongly agree,disagree,disagree,strongly agree,strongly disagree,disagree,agree,disagree,strongly disagree,disagree,strongly disagree,disagree,disagree
"highly closed to experience, unconscientious, introverted, agreeable and neurotic",disagree,strongly disagree,strongly disagree,strongly agree,disagree,agree,neither agree nor disagree,strongly agree,strongly disagree,strongly agree,strongly disagree,strongly disagree,disagree,strongly agree,strongly disagree,strongly agree,strongly agree,strongly agree,strongly disagree,strongly agree,disagree,disagree,strongly disagree,strongly agree,disagree,agree,strongly agree,strongly agree,strongly agree,strongly agree,disagree,disagree,disagree,strongly agree,disagree,strongly agree,neither agree nor disagree,agree,strongly agree,disagree,strongly disagree,agree,disagree,strongly agree,agree,strongly agree,disagree,disagree,strongly agree,strongly disagree
"slightly closed to experience, unconscientious, introverted, agreeable and neurotic",disagree,disagree,disagree,strongly agree,disagree,strongly agree,disagree,agree,strongly disagree,agree,disagree,strongly disagree,disagree,strongly agree,disagree,strongly agree,strongly agree,agree,strongly disagree,agree,strongly disagree,disagree,disagree,strongly agree,disagree,agree,agree,strongly agree,strongly agree,agree,disagree,agree,disagree,strongly agree,disagree,strongly agree,agree,strongly agree,strongly agree,disagree,disagree,strongly agree,disagree,strongly agree,agree,strongly agree,agree,disagree,strongly agree,disagree
"closed to experience, highly unconscientious, introverted, agreeable and neurotic",strongly disagree,disagree,strongly disagree,strongly agree,disagree,strongly agree,disagree,strongly agree,strongly disagree,agree,strongly disagree,strongly disagree,strongly disagree,strongly agree,strongly disagree,strongly agree,strongly agree,agree,strongly disagree,strongly agree,disagree,strongly disagree,strongly disagree,strongly agree,disagree,strongly agree,strongly agree,strongly agree,strongly agree,strongly agree,strongly disagree,agree,strongly disagree,strongly agree,disagree,strongly agree,disagree,strongly agree,strongly agree,strongly disagree,strongly disagree,agree,disagree,strongly agree,disagree,strongly agree,disagree,strongly disagree,strongly agree,strongly disagree
"closed to experience, slightly unconscientious, introverted, agreeable and neurotic",disagree,disagree,disagree,strongly agree,disagree,agree,disagree,agree,strongly disagree,agree,disagree,disagree,disagree,strongly agree,disagree,strongly agree,strongly agree,disagree,disagree,strongly agree,disagree,disagree,disagree,strongly agree,disagree,agree,agree,agree,strongly agree,strongly agree,disagree,disagree,disagree,strongly agree,disagree,agree,agree,agree,agree,disagree,strongly disagree,agree,disagree,agree,agree,strongly agree,agree,disagree,strongly agree,strongly disagree
"closed to experience, unconscientious, highly introverted, agreeable and neurotic",strongly disagree,disagree,strongly disagree,strongly agree,disagree,strongly agree,disagree,agree,strongly disagree,agree,disagree,strongly disagree,disagree,strongly agree,strongly disagree,strongly agree,strongly agree,agree,strongly disagree,strongly agree,disagree,disagree,disagree,strongly agree,disagree,strongly agree,strongly agree,strongly agree,strongly agree,strongly agree,disagree,agree,disagree,strongly agree,disagree,strongly agree,neither agree nor disagree,agree,strongly agree,disagree,strongly disagree,agree,disagree,strongly agree,strongly agree,strongly agree,neither agree nor disagree,strongly disagree,strongly agree,disagree
"closed to experience, unconscientious, slightly introverted, agreeable and neurotic",disagree,strongly disagree,strongly disagree,strongly agree,disagree,agree,disagree,agree,disagree,agree,disagree,strongly disagree,disagree,strongly agree,disagree,agree,agree,agree,strongly disagree,strongly agree,disagree,disagree,disagree,strongly agree,disagree,agree,agree,agree,strongly agree,agree,disagree,agree,disagree,strongly agree,disagree,agree,agree,strongly agree,strongly agree,disagree,disagree,agree,disagree,strongly agree,disagree,strongly agree,neither agree nor disagree,strongly disagree,strongly agree,disagree
"closed to experience, unconscientious, introverted, highly agreeable and neurotic",disagree,strongly disagree,strongly disagree,strongly agree,disagree,strongly agree,disagree,agree,strongly disagree,strongly agree,strongly disagree,strongly disagree,disagree,strongly agree,disagree,strongly agree,strongly agree,disagree,strongly disagree,strongly agree,strongly disagree,strongly disagree,disagree,strongly agree,disagree,strongly agree,strongly agree,strongly agree,strongly agree,strongly agree,disagree,disagree,disagree,strongly agree,disagree,strongly agree,agree,strongly agree,strongly agree,disagree,strongly disagree,strongly agree,disagree,strongly agree,agree,strongly agree,agree,strongly disagree,strongly agree,disagree
"closed to experience, unconscientious, introverted, slightly agreeable and neurotic",disagree,disagree,disagree,strongly agree,"statement: 'have a rich vocabulary.'.  
disagree",agree,disagree,strongly agree,strongly disagree,agree,disagree,disagree,disagree,strongly agree,disagree,agree,disagree,agree,strongly disagree,strongly agree,disagree,agree,disagree,strongly agree,disagree,strongly agree,neither agree nor disagree,agree,strongly agree,agree,disagree,agree,disagree,strongly agree,disagree,strongly agree,disagree,strongly agree,strongly agree,disagree,disagree,neither agree nor disagree,disagree,strongly agree,agree,strongly agree,disagree,disagree,strongly agree,disagree
"closed to experience, unconscientious, introverted, agreeable and highly neurotic",strongly disagree,strongly disagree,disagree,strongly agree,disagree,agree,disagree,agree,strongly disagree,strongly agree,disagree,strongly disagree,disagree,strongly agree,disagree,strongly agree,strongly agree,agree,strongly disagree,strongly agree,disagree,disagree,disagree,strongly agree,disagree,agree,strongly agree,strongly agree,strongly agree,strongly agree,strongly disagree,agree,disagree,strongly agree,disagree,strongly agree,agree,strongly agree,strongly agree,disagree,strongly disagree,agree,disagree,strongly agree,strongly agree,strongly agree,agree,strongly disagree,strongly agree,disagree
"closed to experience, unconscientious, introverted, agreeable and slightly neurotic",strongly disagree,disagree,strongly disagree,agree,disagree,agree,disagree,strongly agree,disagree,strongly agree,disagree,strongly disagree,disagree,agree,disagree,strongly agree,agree,agree,disagree,strongly agree,disagree,disagree,disagree,agree,disagree,strongly agree,strongly agree,agree,agree,agree,disagree,disagree,disagree,neither agree nor disagree,disagree,strongly agree,agree,strongly agree,agree,disagree,strongly disagree,agree,disagree,agree,disagree,strongly agree,neither agree nor disagree,disagree,disagree,strongly disagree
"highly closed to experience, unconscientious, introverted, agreeable and emotionally stable",disagree,strongly disagree,disagree,strongly disagree,disagree,strongly agree,disagree,strongly agree,strongly agree,strongly agree,disagree,strongly disagree,disagree,disagree,strongly disagree,strongly agree,strongly agree,agree,strongly agree,strongly agree,disagree,disagree,disagree,strongly disagree,disagree,strongly agree,strongly agree,strongly agree,strongly disagree,strongly agree,strongly disagree,agree,disagree,strongly disagree,disagree,strongly agree,agree,strongly agree,strongly disagree,disagree,disagree,agree,disagree,strongly disagree,agree,agree,agree,disagree,strongly disagree,strongly disagree
"slightly closed to experience, unconscientious, introverted, agreeable and emotionally stable",disagree,strongly disagree,disagree,strongly disagree,disagree,agree,disagree,strongly agree,agree,agree,disagree,disagree,disagree,disagree,disagree,strongly agree,strongly agree,agree,strongly agree,agree,disagree,strongly disagree,disagree,strongly disagree,disagree,agree,strongly agree,strongly agree,strongly disagree,agree,disagree,disagree,disagree,disagree,disagree,strongly agree,agree,strongly agree,disagree,disagree,strongly disagree,agree,disagree,strongly disagree,agree,strongly agree,agree,disagree,disagree,disagree
"closed to experience, highly unconscientious, introverted, agreeable and emotionally stable",strongly disagree,strongly disagree,strongly disagree,disagree,disagree,strongly agree,disagree,strongly agree,strongly agree,strongly agree,disagree,strongly disagree,strongly disagree,strongly disagree,strongly disagree,strongly agree,agree,strongly agree,strongly agree,strongly agree,disagree,disagree,strongly disagree,strongly disagree,disagree,strongly agree,agree,strongly agree,strongly disagree,strongly agree,disagree,agree,strongly disagree,strongly disagree,disagree,strongly agree,agree,strongly agree,strongly disagree,disagree,strongly disagree,agree,strongly disagree,strongly disagree,disagree,agree,agree,strongly disagree,strongly disagree,strongly disagree
"closed to experience, slightly unconscientious, introverted, agreeable and emotionally stable",strongly disagree,strongly disagree,disagree,disagree,disagree,strongly agree,disagree,agree,strongly agree,strongly agree,disagree,strongly disagree,disagree,disagree,strongly disagree,agree,agree,neither agree nor disagree,strongly agree,strongly agree,disagree,disagree,disagree,strongly disagree,disagree,agree,agree,agree,disagree,strongly agree,disagree,agree,disagree,strongly disagree,neither agree nor disagree,strongly agree,agree,agree,strongly disagree,disagree,disagree,neither agree nor disagree,disagree,disagree,agree,strongly agree,agree,disagree,disagree,disagree
"closed to experience, unconscientious, highly introverted, agreeable and emotionally stable",strongly disagree,disagree,disagree,disagree,disagree,strongly agree,disagree,strongly agree,agree,strongly agree,strongly disagree,strongly disagree,disagree,strongly disagree,strongly disagree,strongly agree,strongly agree,strongly agree,strongly agree,strongly agree,strongly disagree,disagree,disagree,strongly disagree,disagree,strongly agree,agree,strongly agree,strongly disagree,strongly agree,disagree,agree,disagree,strongly disagree,disagree,strongly agree,disagree,strongly agree,strongly disagree,disagree,strongly disagree,agree,disagree,strongly disagree,disagree,strongly agree,agree,disagree,strongly disagree,strongly disagree
"closed to experience, unconscientious, slightly introverted, agreeable and emotionally stable",disagree,strongly disagree,disagree,strongly disagree,disagree,agree,disagree,strongly agree,agree,agree,disagree,strongly disagree,disagree,disagree,strongly disagree,agree,agree,agree,strongly agree,strongly agree,disagree,disagree,disagree,strongly disagree,disagree,agree,agree,strongly agree,strongly disagree,strongly agree,disagree,disagree,disagree,disagree,disagree,agree,agree,agree,strongly disagree,disagree,disagree,disagree,disagree,disagree,disagree,agree,agree,disagree,disagree,disagree
"closed to experience, unconscientious, introverted, highly agreeable and emotionally stable",disagree,strongly disagree,disagree,strongly disagree,disagree,strongly agree,disagree,strongly agree,strongly agree,agree,disagree,strongly disagree,disagree,strongly disagree,strongly disagree,strongly agree,strongly agree,strongly agree,strongly agree,strongly agree,disagree,disagree,disagree,strongly disagree,disagree,strongly agree,strongly agree,strongly agree,strongly disagree,strongly agree,strongly disagree,disagree,disagree,strongly disagree,disagree,strongly agree,strongly agree,agree,strongly disagree,disagree,disagree,agree,strongly disagree,strongly disagree,disagree,strongly agree,agree,disagree,strongly disagree,disagree
"closed to experience, unconscientious, introverted, slightly agreeable and emotionally stable",disagree,disagree,disagree,"statement: 'get stressed out easily.'. 
disagree",disagree,agree,disagree,strongly agree,agree,agree,disagree,disagree,disagree,strongly disagree,disagree,agree,disagree,agree,agree,strongly agree,disagree,agree,disagree,disagree,disagree,strongly agree,neither agree nor disagree,agree,disagree,agree,disagree,agree,disagree,disagree,disagree,agree,disagree,agree,strongly disagree,disagree,disagree,disagree,disagree,disagree,disagree,agree,disagree,disagree,disagree,disagree
"closed to experience, unconscientious, introverted, agreeable and highly emotionally stable",strongly disagree,strongly disagree,disagree,strongly disagree,disagree,strongly agree,disagree,strongly agree,strongly agree,strongly agree,disagree,strongly disagree,disagree,strongly disagree,disagree,strongly agree,agree,agree,strongly agree,strongly agree,disagree,disagree,disagree,strongly disagree,disagree,agree,agree,strongly agree,strongly disagree,strongly agree,strongly disagree,agree,disagree,strongly disagree,neither agree nor disagree,strongly agree,agree,strongly agree,strongly disagree,disagree,disagree,agree,disagree,strongly disagree,agree,strongly agree,agree,disagree,strongly disagree,disagree
"closed to experience, unconscientious, introverted, agreeable and slightly emotionally stable",disagree,disagree,disagree,disagree,disagree,strongly agree,disagree,strongly agree,disagree,agree,disagree,disagree,disagree,disagree,disagree,strongly agree,agree,strongly agree,agree,strongly agree,disagree,disagree,disagree,disagree,disagree,strongly agree,agree,strongly agree,disagree,agree,disagree,agree,disagree,agree,disagree,strongly agree,agree,agree,disagree,disagree,disagree,agree,disagree,disagree,disagree,agree,agree,disagree,disagree,strongly disagree
"highly closed to experience, unconscientious, introverted, antagonistic and neurotic",strongly disagree,strongly agree,disagree,strongly agree,disagree,strongly agree,strongly disagree,strongly agree,strongly disagree,strongly agree,strongly disagree,strongly agree,disagree,strongly agree,"statement: 'have a vivid imagination.'. 
strongly disagree",strongly agree,strongly disagree,strongly agree,strongly disagree,strongly agree,strongly disagree,strongly agree,disagree,strongly agree,disagree,strongly agree,strongly disagree,strongly agree,"statement: 'get upset easily.'. 
strongly agree",strongly agree,strongly disagree,strongly agree,disagree,strongly agree,disagree,strongly agree,strongly disagree,strongly agree,strongly agree,disagree,strongly disagree,strongly disagree,strongly disagree,strongly agree,agree,strongly agree,disagree,disagree,strongly agree,strongly disagree
"slightly closed to experience, unconscientious, introverted, antagonistic and neurotic",strongly disagree,agree,"statement: 'am always prepared.'.  
disagree","statement: 'get stressed out easily.'. 
strongly agree",disagree,strongly agree,disagree,strongly agree,strongly disagree,agree,strongly disagree,strongly agree,disagree,strongly agree,"statement: 'have a vivid imagination.'. 
disagree",agree,strongly disagree,agree,strongly disagree,agree,disagree,agree,disagree,strongly agree,disagree,agree,strongly disagree,strongly agree,strongly agree,agree,disagree,strongly agree,disagree,strongly agree,disagree,strongly agree,strongly disagree,strongly agree,strongly agree,disagree,disagree,disagree,disagree,strongly agree,agree,strongly agree,disagree,disagree,strongly agree,disagree
"closed to experience, highly unconscientious, introverted, antagonistic and neurotic","statement: 'am the life of the party.'.  
strongly disagree",strongly agree,strongly disagree,strongly agree,disagree,strongly agree,strongly disagree,strongly agree,strongly disagree,strongly agree,strongly disagree,"statement: 'insult people.'. 
strongly agree",strongly disagree,strongly agree,strongly disagree,agree,disagree,strongly agree,strongly disagree,strongly agree,disagree,strongly agree,strongly disagree,strongly agree,disagree,strongly agree,strongly disagree,strongly agree,strongly agree,strongly agree,strongly disagree,strongly agree,strongly disagree,strongly agree,disagree,strongly agree,strongly disagree,strongly agree,strongly agree,strongly disagree,strongly disagree,strongly disagree,disagree,strongly agree,disagree,strongly agree,strongly disagree,strongly disagree,strongly agree,strongly disagree
"closed to experience, slightly unconscientious, introverted, antagonistic and neurotic",strongly disagree,strongly agree,disagree,strongly agree,disagree,strongly agree,disagree,agree,strongly disagree,agree,strongly disagree,strongly agree,disagree,strongly agree,disagree,agree,strongly disagree,agree,strongly disagree,strongly agree,strongly disagree,strongly agree,disagree,strongly agree,disagree,agree,"statement: 'have a soft heart.'. 
disagree",agree,"statement: 'get upset easily.'. 
strongly agree",agree,strongly disagree,strongly agree,disagree,strongly agree,disagree,strongly agree,disagree,agree,strongly agree,disagree,disagree,strongly disagree,disagree,strongly agree,agree,strongly agree,disagree,disagree,strongly agree,disagree
"closed to experience, unconscientious, highly introverted, antagonistic and neurotic",strongly disagree,strongly agree,disagree,strongly agree,disagree,strongly agree,strongly disagree,strongly agree,strongly disagree,agree,strongly disagree,strongly agree,disagree,strongly agree,disagree,strongly agree,strongly disagree,agree,strongly disagree,strongly agree,strongly disagree,strongly agree,disagree,strongly agree,disagree,strongly agree,strongly disagree,strongly agree,strongly agree,strongly agree,strongly disagree,strongly agree,strongly disagree,strongly agree,disagree,strongly agree,strongly disagree,strongly agree,strongly agree,disagree,strongly disagree,strongly disagree,strongly disagree,strongly agree,strongly agree,strongly agree,strongly disagree,disagree,strongly agree,disagree
"closed to experience, unconscientious, slightly introverted, antagonistic and neurotic",strongly disagree,strongly agree,strongly disagree,strongly agree,disagree,agree,disagree,strongly agree,strongly disagree,strongly agree,strongly disagree,strongly agree,disagree,strongly agree,disagree,agree,disagree,agree,strongly disagree,strongly agree,disagree,strongly agree,disagree,strongly agree,disagree,agree,disagree,strongly agree,strongly agree,strongly agree,strongly disagree,agree,disagree,strongly agree,disagree,agree,strongly disagree,strongly agree,strongly agree,disagree,disagree,disagree,disagree,strongly agree,agree,agree,disagree,disagree,strongly agree,strongly disagree
"closed to experience, unconscientious, introverted, highly antagonistic and neurotic",strongly disagree,strongly agree,strongly disagree,strongly agree,disagree,strongly agree,strongly disagree,strongly agree,strongly disagree,strongly agree,strongly disagree,strongly agree,disagree,strongly agree,strongly disagree,strongly agree,strongly disagree,strongly agree,strongly disagree,strongly agree,strongly disagree,strongly agree,disagree,strongly agree,disagree,agree,strongly disagree,strongly agree,strongly agree,strongly agree,strongly disagree,strongly agree,strongly disagree,strongly agree,disagree,strongly agree,strongly disagree,strongly agree,strongly agree,disagree,strongly disagree,strongly disagree,disagree,strongly agree,agree,strongly agree,strongly disagree,disagree,strongly agree,strongly disagree
"closed to experience, unconscientious, introverted, slightly antagonistic and neurotic",strongly disagree,agree,strongly disagree,strongly agree,disagree,agree,strongly disagree,strongly agree,disagree,agree,disagree,agree,disagree,strongly agree,strongly disagree,agree,disagree,agree,strongly disagree,strongly agree,disagree,strongly agree,disagree,strongly agree,disagree,strongly agree,disagree,strongly agree,strongly agree,strongly agree,strongly disagree,strongly agree,disagree,strongly agree,disagree,strongly agree,disagree,strongly agree,strongly agree,disagree,disagree,strongly disagree,disagree,strongly agree,agree,strongly agree,disagree,disagree,strongly agree,strongly disagree
"closed to experience, unconscientious, introverted, antagonistic and highly neurotic",strongly disagree,strongly agree,strongly disagree,strongly agree,disagree,strongly agree,strongly disagree,agree,strongly disagree,strongly agree,strongly disagree,strongly agree,"statement: 'pay attention to details.'. 
disagree",strongly agree,strongly disagree,agree,strongly disagree,strongly agree,strongly disagree,strongly agree,strongly disagree,strongly agree,disagree,"statement: 'am easily disturbed.'. 
strongly agree",disagree,strongly agree,strongly disagree,strongly agree,strongly agree,strongly agree,strongly disagree,strongly agree,disagree,strongly agree,disagree,strongly agree,strongly disagree,strongly agree,strongly agree,disagree,disagree,disagree,strongly disagree,strongly agree,strongly agree,strongly agree,strongly disagree,disagree,strongly agree,disagree
"closed to experience, unconscientious, introverted, antagonistic and slightly neurotic",strongly disagree,strongly agree,strongly disagree,agree,neither agree nor disagree,strongly agree,strongly disagree,strongly agree,disagree,agree,strongly disagree,strongly agree,strongly disagree,agree,strongly disagree,agree,strongly disagree,agree,disagree,strongly agree,disagree,strongly agree,disagree,agree,disagree,strongly agree,strongly disagree,strongly agree,strongly agree,strongly agree,strongly disagree,strongly agree,neither agree nor disagree,agree,disagree,strongly agree,disagree,strongly agree,agree,disagree,strongly disagree,strongly disagree,disagree,agree,neither agree nor disagree,strongly agree,strongly disagree,disagree,agree,disagree
"highly closed to experience, unconscientious, introverted, antagonistic and emotionally stable",strongly disagree,strongly agree,disagree,strongly disagree,disagree,agree,disagree,strongly agree,agree,strongly agree,disagree,strongly agree,disagree,strongly disagree,strongly disagree,strongly agree,strongly disagree,strongly agree,strongly agree,strongly agree,strongly disagree,strongly agree,disagree,strongly disagree,disagree,strongly agree,strongly disagree,strongly agree,strongly disagree,strongly agree,strongly disagree,strongly agree,disagree,strongly disagree,disagree,strongly agree,disagree,strongly agree,strongly disagree,disagree,disagree,strongly disagree,strongly disagree,disagree,disagree,strongly agree,strongly disagree,disagree,disagree,strongly disagree
"slightly closed to experience, unconscientious, introverted, antagonistic and emotionally stable",disagree,strongly agree,disagree,disagree,disagree,strongly agree,strongly disagree,strongly agree,agree,agree,disagree,strongly agree,strongly disagree,strongly disagree,disagree,agree,disagree,agree,strongly agree,agree,disagree,agree,disagree,strongly disagree,agree,strongly agree,strongly disagree,strongly agree,strongly disagree,agree,strongly disagree,strongly agree,disagree,disagree,neither agree nor disagree,strongly agree,strongly disagree,strongly agree,strongly disagree,disagree,disagree,strongly disagree,disagree,disagree,disagree,strongly agree,disagree,disagree,strongly disagree,disagree
"closed to experience, highly unconscientious, introverted, antagonistic and emotionally stable",strongly disagree,strongly agree,strongly disagree,strongly disagree,disagree,strongly agree,strongly disagree,strongly agree,agree,strongly agree,strongly disagree,strongly agree,strongly disagree,strongly disagree,strongly disagree,strongly agree,strongly disagree,strongly agree,strongly agree,strongly agree,disagree,strongly agree,strongly disagree,strongly disagree,disagree,strongly agree,strongly disagree,strongly agree,strongly disagree,strongly agree,strongly disagree,strongly agree,strongly disagree,strongly disagree,disagree,strongly agree,strongly disagree,strongly agree,strongly disagree,disagree,disagree,disagree,strongly disagree,disagree,disagree,strongly agree,strongly disagree,disagree,strongly disagree,strongly disagree
"closed to experience, slightly unconscientious, introverted, antagonistic and emotionally stable",strongly disagree,strongly agree,disagree,strongly disagree,disagree,agree,disagree,agree,strongly agree,agree,strongly disagree,agree,disagree,strongly disagree,strongly disagree,strongly agree,disagree,agree,strongly agree,strongly agree,strongly disagree,strongly agree,disagree,strongly disagree,disagree,agree,strongly disagree,agree,strongly disagree,strongly agree,strongly disagree,strongly agree,disagree,strongly disagree,neither agree nor disagree,strongly agree,disagree,agree,strongly disagree,disagree,disagree,strongly disagree,disagree,disagree,neither agree nor disagree,strongly agree,disagree,disagree,strongly disagree,disagree
"closed to experience, unconscientious, highly introverted, antagonistic and emotionally stable",strongly disagree,strongly agree,strongly disagree,strongly disagree,disagree,strongly agree,strongly disagree,strongly agree,agree,agree,strongly disagree,strongly agree,disagree,strongly disagree,strongly disagree,strongly agree,disagree,strongly agree,strongly agree,strongly agree,strongly disagree,strongly agree,disagree,strongly disagree,disagree,strongly agree,strongly disagree,agree,strongly disagree,strongly agree,strongly disagree,strongly agree,strongly disagree,strongly disagree,disagree,strongly agree,strongly disagree,strongly agree,strongly disagree,disagree,strongly disagree,strongly disagree,strongly disagree,disagree,strongly disagree,strongly agree,strongly disagree,disagree,strongly disagree,disagree
"closed to experience, unconscientious, slightly introverted, antagonistic and emotionally stable",disagree,strongly agree,disagree,strongly disagree,disagree,agree,strongly disagree,strongly agree,agree,strongly agree,disagree,strongly agree,disagree,disagree,disagree,agree,strongly disagree,strongly agree,strongly agree,strongly agree,disagree,strongly agree,strongly disagree,strongly disagree,disagree,agree,disagree,strongly agree,strongly disagree,strongly agree,strongly disagree,strongly agree,disagree,strongly disagree,disagree,agree,strongly disagree,strongly agree,strongly disagree,disagree,disagree,strongly disagree,disagree,disagree,disagree,agree,strongly disagree,disagree,strongly disagree,disagree
"closed to experience, unconscientious, introverted, highly antagonistic and emotionally stable",strongly disagree,strongly agree,disagree,strongly disagree,disagree,strongly agree,strongly disagree,strongly agree,strongly agree,agree,strongly disagree,strongly agree,disagree,strongly disagree,disagree,agree,strongly disagree,agree,strongly agree,strongly agree,disagree,strongly agree,disagree,strongly disagree,disagree,agree,strongly disagree,strongly agree,strongly disagree,strongly agree,strongly disagree,strongly agree,strongly disagree,strongly disagree,disagree,strongly agree,strongly disagree,strongly agree,strongly disagree,disagree,strongly disagree,strongly disagree,disagree,strongly disagree,disagree,strongly agree,strongly disagree,disagree,disagree,strongly disagree
"closed to experience, unconscientious, introverted, slightly antagonistic and emotionally stable",disagree,agree,disagree,strongly disagree,disagree,strongly agree,strongly disagree,strongly agree,agree,strongly agree,strongly disagree,agree,disagree,strongly disagree,strongly disagree,agree,disagree,agree,strongly agree,agree,disagree,strongly agree,disagree,strongly disagree,disagree,strongly agree,disagree,strongly agree,disagree,strongly agree,strongly disagree,strongly agree,disagree,strongly disagree,disagree,strongly agree,disagree,strongly agree,strongly disagree,disagree,disagree,disagree,strongly disagree,disagree,disagree,strongly agree,disagree,disagree,strongly disagree,disagree
"closed to experience, unconscientious, introverted, antagonistic and highly emotionally stable",strongly disagree,strongly agree,strongly disagree,strongly disagree,disagree,strongly agree,strongly disagree,strongly agree,strongly agree,strongly agree,strongly disagree,strongly agree,disagree,strongly disagree,strongly disagree,strongly agree,strongly disagree,agree,strongly agree,strongly agree,strongly disagree,strongly agree,disagree,strongly disagree,disagree,strongly agree,strongly disagree,strongly agree,strongly disagree,strongly agree,strongly disagree,strongly agree,disagree,strongly disagree,disagree,agree,strongly disagree,strongly agree,strongly disagree,disagree,disagree,strongly disagree,disagree,strongly disagree,disagree,agree,strongly disagree,disagree,strongly disagree,disagree
"closed to experience, unconscientious, introverted, antagonistic and slightly emotionally stable",strongly disagree,strongly agree,strongly disagree,disagree,disagree,strongly agree,strongly disagree,strongly agree,disagree,agree,strongly disagree,agree,disagree,disagree,disagree,agree,disagree,strongly agree,agree,strongly agree,disagree,strongly agree,disagree,agree,disagree,agree,strongly disagree,strongly agree,disagree,strongly agree,disagree,strongly agree,disagree,disagree,disagree,strongly agree,strongly disagree,strongly agree,disagree,disagree,disagree,disagree,disagree,agree,disagree,strongly agree,disagree,disagree,disagree,disagree
