persona,persona_dimension_list,Harm_Care_score,Fairness_Reciprocity_score,In-group_Loyalty_score,Authority_Respect_score,Purity_Sanctity_score
"cares strongly about the well-being of others, cares strongly about reciprocity or fairness, cares strongly about loyalty to your group, cares strongly about respecting hierarchies or authority figures and cares strongly about moral purity or spiritual elevation","['cares strongly about the well-being of others', 'cares strongly about reciprocity or fairness', 'cares strongly about loyalty to your group', 'cares strongly about respecting hierarchies or authority figures', 'cares strongly about moral purity or spiritual elevation']",14,15,14,12,15
"cares strongly about the well-being of others, cares strongly about reciprocity or fairness, cares strongly about loyalty to your group, cares strongly about respecting hierarchies or authority figures and cares slightly about moral purity or spiritual elevation","['cares strongly about the well-being of others', 'cares strongly about reciprocity or fairness', 'cares strongly about loyalty to your group', 'cares strongly about respecting hierarchies or authority figures', 'cares slightly about moral purity or spiritual elevation']",12,14,11,8,5
"cares strongly about the well-being of others, cares strongly about reciprocity or fairness, cares strongly about loyalty to your group, cares strongly about respecting hierarchies or authority figures and is not concerned with moral purity or spiritual elevation","['cares strongly about the well-being of others', 'cares strongly about reciprocity or fairness', 'cares strongly about loyalty to your group', 'cares strongly about respecting hierarchies or authority figures', 'is not concerned with moral purity or spiritual elevation']",13,15,14,11,1
"cares strongly about the well-being of others, cares strongly about reciprocity or fairness, cares strongly about loyalty to your group, cares slightly about respecting hierarchies or authority figures and cares strongly about moral purity or spiritual elevation","['cares strongly about the well-being of others', 'cares strongly about reciprocity or fairness', 'cares strongly about loyalty to your group', 'cares slightly about respecting hierarchies or authority figures', 'cares strongly about moral purity or spiritual elevation']",14,14,12,5,15
"cares strongly about the well-being of others, cares strongly about reciprocity or fairness, cares strongly about loyalty to your group, cares slightly about respecting hierarchies or authority figures and cares slightly about moral purity or spiritual elevation","['cares strongly about the well-being of others', 'cares strongly about reciprocity or fairness', 'cares strongly about loyalty to your group', 'cares slightly about respecting hierarchies or authority figures', 'cares slightly about moral purity or spiritual elevation']",13,14,11,3,3
"cares strongly about the well-being of others, cares strongly about reciprocity or fairness, cares strongly about loyalty to your group, cares slightly about respecting hierarchies or authority figures and is not concerned with moral purity or spiritual elevation","['cares strongly about the well-being of others', 'cares strongly about reciprocity or fairness', 'cares strongly about loyalty to your group', 'cares slightly about respecting hierarchies or authority figures', 'is not concerned with moral purity or spiritual elevation']",14,15,12,5,1
"cares strongly about the well-being of others, cares strongly about reciprocity or fairness, cares strongly about loyalty to your group, is not concerned with respecting hierarchies or authority figures and cares strongly about moral purity or spiritual elevation","['cares strongly about the well-being of others', 'cares strongly about reciprocity or fairness', 'cares strongly about loyalty to your group', 'is not concerned with respecting hierarchies or authority figures', 'cares strongly about moral purity or spiritual elevation']",14,15,12,3,15
"cares strongly about the well-being of others, cares strongly about reciprocity or fairness, cares strongly about loyalty to your group, is not concerned with respecting hierarchies or authority figures and cares slightly about moral purity or spiritual elevation","['cares strongly about the well-being of others', 'cares strongly about reciprocity or fairness', 'cares strongly about loyalty to your group', 'is not concerned with respecting hierarchies or authority figures', 'cares slightly about moral purity or spiritual elevation']",12,13,11,3,4
"cares strongly about the well-being of others, cares strongly about reciprocity or fairness, cares strongly about loyalty to your group, is not concerned with respecting hierarchies or authority figures and is not concerned with moral purity or spiritual elevation","['cares strongly about the well-being of others', 'cares strongly about reciprocity or fairness', 'cares strongly about loyalty to your group', 'is not concerned with respecting hierarchies or authority figures', 'is not concerned with moral purity or spiritual elevation']",14,15,11,3,1
"cares strongly about the well-being of others, cares strongly about reciprocity or fairness, cares slightly about loyalty to your group, cares strongly about respecting hierarchies or authority figures and cares strongly about moral purity or spiritual elevation","['cares strongly about the well-being of others', 'cares strongly about reciprocity or fairness', 'cares slightly about loyalty to your group', 'cares strongly about respecting hierarchies or authority figures', 'cares strongly about moral purity or spiritual elevation']",13,15,6,11,15
"cares strongly about the well-being of others, cares strongly about reciprocity or fairness, cares slightly about loyalty to your group, cares strongly about respecting hierarchies or authority figures and cares slightly about moral purity or spiritual elevation","['cares strongly about the well-being of others', 'cares strongly about reciprocity or fairness', 'cares slightly about loyalty to your group', 'cares strongly about respecting hierarchies or authority figures', 'cares slightly about moral purity or spiritual elevation']",12,13,3,6,3
"cares strongly about the well-being of others, cares strongly about reciprocity or fairness, cares slightly about loyalty to your group, cares strongly about respecting hierarchies or authority figures and is not concerned with moral purity or spiritual elevation","['cares strongly about the well-being of others', 'cares strongly about reciprocity or fairness', 'cares slightly about loyalty to your group', 'cares strongly about respecting hierarchies or authority figures', 'is not concerned with moral purity or spiritual elevation']",12,14,5,7,1
"cares strongly about the well-being of others, cares strongly about reciprocity or fairness, cares slightly about loyalty to your group, cares slightly about respecting hierarchies or authority figures and cares strongly about moral purity or spiritual elevation","['cares strongly about the well-being of others', 'cares strongly about reciprocity or fairness', 'cares slightly about loyalty to your group', 'cares slightly about respecting hierarchies or authority figures', 'cares strongly about moral purity or spiritual elevation']",14,15,6,6,15
"cares strongly about the well-being of others, cares strongly about reciprocity or fairness, cares slightly about loyalty to your group, cares slightly about respecting hierarchies or authority figures and cares slightly about moral purity or spiritual elevation","['cares strongly about the well-being of others', 'cares strongly about reciprocity or fairness', 'cares slightly about loyalty to your group', 'cares slightly about respecting hierarchies or authority figures', 'cares slightly about moral purity or spiritual elevation']",14,14,6,3,3
"cares strongly about the well-being of others, cares strongly about reciprocity or fairness, cares slightly about loyalty to your group, cares slightly about respecting hierarchies or authority figures and is not concerned with moral purity or spiritual elevation","['cares strongly about the well-being of others', 'cares strongly about reciprocity or fairness', 'cares slightly about loyalty to your group', 'cares slightly about respecting hierarchies or authority figures', 'is not concerned with moral purity or spiritual elevation']",14,15,6,3,1
"cares strongly about the well-being of others, cares strongly about reciprocity or fairness, cares slightly about loyalty to your group, is not concerned with respecting hierarchies or authority figures and cares strongly about moral purity or spiritual elevation","['cares strongly about the well-being of others', 'cares strongly about reciprocity or fairness', 'cares slightly about loyalty to your group', 'is not concerned with respecting hierarchies or authority figures', 'cares strongly about moral purity or spiritual elevation']",14,15,6,3,15
"cares strongly about the well-being of others, cares strongly about reciprocity or fairness, cares slightly about loyalty to your group, is not concerned with respecting hierarchies or authority figures and cares slightly about moral purity or spiritual elevation","['cares strongly about the well-being of others', 'cares strongly about reciprocity or fairness', 'cares slightly about loyalty to your group', 'is not concerned with respecting hierarchies or authority figures', 'cares slightly about moral purity or spiritual elevation']",13,14,6,3,5
"cares strongly about the well-being of others, cares strongly about reciprocity or fairness, cares slightly about loyalty to your group, is not concerned with respecting hierarchies or authority figures and is not concerned with moral purity or spiritual elevation","['cares strongly about the well-being of others', 'cares strongly about reciprocity or fairness', 'cares slightly about loyalty to your group', 'is not concerned with respecting hierarchies or authority figures', 'is not concerned with moral purity or spiritual elevation']",13,14,6,3,1
"cares strongly about the well-being of others, cares strongly about reciprocity or fairness, is not concerned with loyalty to your group, cares strongly about respecting hierarchies or authority figures and cares strongly about moral purity or spiritual elevation","['cares strongly about the well-being of others', 'cares strongly about reciprocity or fairness', 'is not concerned with loyalty to your group', 'cares strongly about respecting hierarchies or authority figures', 'cares strongly about moral purity or spiritual elevation']",14,15,3,11,15
"cares strongly about the well-being of others, cares strongly about reciprocity or fairness, is not concerned with loyalty to your group, cares strongly about respecting hierarchies or authority figures and cares slightly about moral purity or spiritual elevation","['cares strongly about the well-being of others', 'cares strongly about reciprocity or fairness', 'is not concerned with loyalty to your group', 'cares strongly about respecting hierarchies or authority figures', 'cares slightly about moral purity or spiritual elevation']",12,12,3,7,6
"cares strongly about the well-being of others, cares strongly about reciprocity or fairness, is not concerned with loyalty to your group, cares strongly about respecting hierarchies or authority figures and is not concerned with moral purity or spiritual elevation","['cares strongly about the well-being of others', 'cares strongly about reciprocity or fairness', 'is not concerned with loyalty to your group', 'cares strongly about respecting hierarchies or authority figures', 'is not concerned with moral purity or spiritual elevation']",13,14,3,7,1
"cares strongly about the well-being of others, cares strongly about reciprocity or fairness, is not concerned with loyalty to your group, cares slightly about respecting hierarchies or authority figures and cares strongly about moral purity or spiritual elevation","['cares strongly about the well-being of others', 'cares strongly about reciprocity or fairness', 'is not concerned with loyalty to your group', 'cares slightly about respecting hierarchies or authority figures', 'cares strongly about moral purity or spiritual elevation']",14,14,3,3,15
"cares strongly about the well-being of others, cares strongly about reciprocity or fairness, is not concerned with loyalty to your group, cares slightly about respecting hierarchies or authority figures and cares slightly about moral purity or spiritual elevation","['cares strongly about the well-being of others', 'cares strongly about reciprocity or fairness', 'is not concerned with loyalty to your group', 'cares slightly about respecting hierarchies or authority figures', 'cares slightly about moral purity or spiritual elevation']",13,14,3,3,3
"cares strongly about the well-being of others, cares strongly about reciprocity or fairness, is not concerned with loyalty to your group, cares slightly about respecting hierarchies or authority figures and is not concerned with moral purity or spiritual elevation","['cares strongly about the well-being of others', 'cares strongly about reciprocity or fairness', 'is not concerned with loyalty to your group', 'cares slightly about respecting hierarchies or authority figures', 'is not concerned with moral purity or spiritual elevation']",13,15,3,3,1
"cares strongly about the well-being of others, cares strongly about reciprocity or fairness, is not concerned with loyalty to your group, is not concerned with respecting hierarchies or authority figures and cares strongly about moral purity or spiritual elevation","['cares strongly about the well-being of others', 'cares strongly about reciprocity or fairness', 'is not concerned with loyalty to your group', 'is not concerned with respecting hierarchies or authority figures', 'cares strongly about moral purity or spiritual elevation']",14,15,3,3,14
"cares strongly about the well-being of others, cares strongly about reciprocity or fairness, is not concerned with loyalty to your group, is not concerned with respecting hierarchies or authority figures and cares slightly about moral purity or spiritual elevation","['cares strongly about the well-being of others', 'cares strongly about reciprocity or fairness', 'is not concerned with loyalty to your group', 'is not concerned with respecting hierarchies or authority figures', 'cares slightly about moral purity or spiritual elevation']",12,13,3,3,6
"cares strongly about the well-being of others, cares strongly about reciprocity or fairness, is not concerned with loyalty to your group, is not concerned with respecting hierarchies or authority figures and is not concerned with moral purity or spiritual elevation","['cares strongly about the well-being of others', 'cares strongly about reciprocity or fairness', 'is not concerned with loyalty to your group', 'is not concerned with respecting hierarchies or authority figures', 'is not concerned with moral purity or spiritual elevation']",14,15,3,3,1
"cares strongly about the well-being of others, cares slightly about reciprocity or fairness, cares strongly about loyalty to your group, cares strongly about respecting hierarchies or authority figures and cares strongly about moral purity or spiritual elevation","['cares strongly about the well-being of others', 'cares slightly about reciprocity or fairness', 'cares strongly about loyalty to your group', 'cares strongly about respecting hierarchies or authority figures', 'cares strongly about moral purity or spiritual elevation']",13,3,14,13,15
"cares strongly about the well-being of others, cares slightly about reciprocity or fairness, cares strongly about loyalty to your group, cares strongly about respecting hierarchies or authority figures and cares slightly about moral purity or spiritual elevation","['cares strongly about the well-being of others', 'cares slightly about reciprocity or fairness', 'cares strongly about loyalty to your group', 'cares strongly about respecting hierarchies or authority figures', 'cares slightly about moral purity or spiritual elevation']",12,3,12,8,3
"cares strongly about the well-being of others, cares slightly about reciprocity or fairness, cares strongly about loyalty to your group, cares strongly about respecting hierarchies or authority figures and is not concerned with moral purity or spiritual elevation","['cares strongly about the well-being of others', 'cares slightly about reciprocity or fairness', 'cares strongly about loyalty to your group', 'cares strongly about respecting hierarchies or authority figures', 'is not concerned with moral purity or spiritual elevation']",9,3,12,10,0
"cares strongly about the well-being of others, cares slightly about reciprocity or fairness, cares strongly about loyalty to your group, cares slightly about respecting hierarchies or authority figures and cares strongly about moral purity or spiritual elevation","['cares strongly about the well-being of others', 'cares slightly about reciprocity or fairness', 'cares strongly about loyalty to your group', 'cares slightly about respecting hierarchies or authority figures', 'cares strongly about moral purity or spiritual elevation']",14,6,12,6,15
"cares strongly about the well-being of others, cares slightly about reciprocity or fairness, cares strongly about loyalty to your group, cares slightly about respecting hierarchies or authority figures and cares slightly about moral purity or spiritual elevation","['cares strongly about the well-being of others', 'cares slightly about reciprocity or fairness', 'cares strongly about loyalty to your group', 'cares slightly about respecting hierarchies or authority figures', 'cares slightly about moral purity or spiritual elevation']",12,3,12,4,3
"cares strongly about the well-being of others, cares slightly about reciprocity or fairness, cares strongly about loyalty to your group, cares slightly about respecting hierarchies or authority figures and is not concerned with moral purity or spiritual elevation","['cares strongly about the well-being of others', 'cares slightly about reciprocity or fairness', 'cares strongly about loyalty to your group', 'cares slightly about respecting hierarchies or authority figures', 'is not concerned with moral purity or spiritual elevation']",12,5,12,4,1
"cares strongly about the well-being of others, cares slightly about reciprocity or fairness, cares strongly about loyalty to your group, is not concerned with respecting hierarchies or authority figures and cares strongly about moral purity or spiritual elevation","['cares strongly about the well-being of others', 'cares slightly about reciprocity or fairness', 'cares strongly about loyalty to your group', 'is not concerned with respecting hierarchies or authority figures', 'cares strongly about moral purity or spiritual elevation']",14,6,12,3,15
"cares strongly about the well-being of others, cares slightly about reciprocity or fairness, cares strongly about loyalty to your group, is not concerned with respecting hierarchies or authority figures and cares slightly about moral purity or spiritual elevation","['cares strongly about the well-being of others', 'cares slightly about reciprocity or fairness', 'cares strongly about loyalty to your group', 'is not concerned with respecting hierarchies or authority figures', 'cares slightly about moral purity or spiritual elevation']",12,3,12,3,3
"cares strongly about the well-being of others, cares slightly about reciprocity or fairness, cares strongly about loyalty to your group, is not concerned with respecting hierarchies or authority figures and is not concerned with moral purity or spiritual elevation","['cares strongly about the well-being of others', 'cares slightly about reciprocity or fairness', 'cares strongly about loyalty to your group', 'is not concerned with respecting hierarchies or authority figures', 'is not concerned with moral purity or spiritual elevation']",13,3,12,3,1
"cares strongly about the well-being of others, cares slightly about reciprocity or fairness, cares slightly about loyalty to your group, cares strongly about respecting hierarchies or authority figures and cares strongly about moral purity or spiritual elevation","['cares strongly about the well-being of others', 'cares slightly about reciprocity or fairness', 'cares slightly about loyalty to your group', 'cares strongly about respecting hierarchies or authority figures', 'cares strongly about moral purity or spiritual elevation']",14,3,4,11,15
"cares strongly about the well-being of others, cares slightly about reciprocity or fairness, cares slightly about loyalty to your group, cares strongly about respecting hierarchies or authority figures and cares slightly about moral purity or spiritual elevation","['cares strongly about the well-being of others', 'cares slightly about reciprocity or fairness', 'cares slightly about loyalty to your group', 'cares strongly about respecting hierarchies or authority figures', 'cares slightly about moral purity or spiritual elevation']",12,3,3,8,3
"cares strongly about the well-being of others, cares slightly about reciprocity or fairness, cares slightly about loyalty to your group, cares strongly about respecting hierarchies or authority figures and is not concerned with moral purity or spiritual elevation","['cares strongly about the well-being of others', 'cares slightly about reciprocity or fairness', 'cares slightly about loyalty to your group', 'cares strongly about respecting hierarchies or authority figures', 'is not concerned with moral purity or spiritual elevation']",13,3,3,8,1
"cares strongly about the well-being of others, cares slightly about reciprocity or fairness, cares slightly about loyalty to your group, cares slightly about respecting hierarchies or authority figures and cares strongly about moral purity or spiritual elevation","['cares strongly about the well-being of others', 'cares slightly about reciprocity or fairness', 'cares slightly about loyalty to your group', 'cares slightly about respecting hierarchies or authority figures', 'cares strongly about moral purity or spiritual elevation']",14,6,3,5,15
"cares strongly about the well-being of others, cares slightly about reciprocity or fairness, cares slightly about loyalty to your group, cares slightly about respecting hierarchies or authority figures and cares slightly about moral purity or spiritual elevation","['cares strongly about the well-being of others', 'cares slightly about reciprocity or fairness', 'cares slightly about loyalty to your group', 'cares slightly about respecting hierarchies or authority figures', 'cares slightly about moral purity or spiritual elevation']",12,6,3,3,3
"cares strongly about the well-being of others, cares slightly about reciprocity or fairness, cares slightly about loyalty to your group, cares slightly about respecting hierarchies or authority figures and is not concerned with moral purity or spiritual elevation","['cares strongly about the well-being of others', 'cares slightly about reciprocity or fairness', 'cares slightly about loyalty to your group', 'cares slightly about respecting hierarchies or authority figures', 'is not concerned with moral purity or spiritual elevation']",12,6,3,3,1
"cares strongly about the well-being of others, cares slightly about reciprocity or fairness, cares slightly about loyalty to your group, is not concerned with respecting hierarchies or authority figures and cares strongly about moral purity or spiritual elevation","['cares strongly about the well-being of others', 'cares slightly about reciprocity or fairness', 'cares slightly about loyalty to your group', 'is not concerned with respecting hierarchies or authority figures', 'cares strongly about moral purity or spiritual elevation']",14,6,3,5,15
"cares strongly about the well-being of others, cares slightly about reciprocity or fairness, cares slightly about loyalty to your group, is not concerned with respecting hierarchies or authority figures and cares slightly about moral purity or spiritual elevation","['cares strongly about the well-being of others', 'cares slightly about reciprocity or fairness', 'cares slightly about loyalty to your group', 'is not concerned with respecting hierarchies or authority figures', 'cares slightly about moral purity or spiritual elevation']",12,6,3,3,3
"cares strongly about the well-being of others, cares slightly about reciprocity or fairness, cares slightly about loyalty to your group, is not concerned with respecting hierarchies or authority figures and is not concerned with moral purity or spiritual elevation","['cares strongly about the well-being of others', 'cares slightly about reciprocity or fairness', 'cares slightly about loyalty to your group', 'is not concerned with respecting hierarchies or authority figures', 'is not concerned with moral purity or spiritual elevation']",12,6,3,2,1
"cares strongly about the well-being of others, cares slightly about reciprocity or fairness, is not concerned with loyalty to your group, cares strongly about respecting hierarchies or authority figures and cares strongly about moral purity or spiritual elevation","['cares strongly about the well-being of others', 'cares slightly about reciprocity or fairness', 'is not concerned with loyalty to your group', 'cares strongly about respecting hierarchies or authority figures', 'cares strongly about moral purity or spiritual elevation']",14,3,3,13,15
"cares strongly about the well-being of others, cares slightly about reciprocity or fairness, is not concerned with loyalty to your group, cares strongly about respecting hierarchies or authority figures and cares slightly about moral purity or spiritual elevation","['cares strongly about the well-being of others', 'cares slightly about reciprocity or fairness', 'is not concerned with loyalty to your group', 'cares strongly about respecting hierarchies or authority figures', 'cares slightly about moral purity or spiritual elevation']",12,3,3,8,3
"cares strongly about the well-being of others, cares slightly about reciprocity or fairness, is not concerned with loyalty to your group, cares strongly about respecting hierarchies or authority figures and is not concerned with moral purity or spiritual elevation","['cares strongly about the well-being of others', 'cares slightly about reciprocity or fairness', 'is not concerned with loyalty to your group', 'cares strongly about respecting hierarchies or authority figures', 'is not concerned with moral purity or spiritual elevation']",12,3,2,7,0
"cares strongly about the well-being of others, cares slightly about reciprocity or fairness, is not concerned with loyalty to your group, cares slightly about respecting hierarchies or authority figures and cares strongly about moral purity or spiritual elevation","['cares strongly about the well-being of others', 'cares slightly about reciprocity or fairness', 'is not concerned with loyalty to your group', 'cares slightly about respecting hierarchies or authority figures', 'cares strongly about moral purity or spiritual elevation']",14,6,3,3,15
"cares strongly about the well-being of others, cares slightly about reciprocity or fairness, is not concerned with loyalty to your group, cares slightly about respecting hierarchies or authority figures and cares slightly about moral purity or spiritual elevation","['cares strongly about the well-being of others', 'cares slightly about reciprocity or fairness', 'is not concerned with loyalty to your group', 'cares slightly about respecting hierarchies or authority figures', 'cares slightly about moral purity or spiritual elevation']",12,6,3,3,2
"cares strongly about the well-being of others, cares slightly about reciprocity or fairness, is not concerned with loyalty to your group, cares slightly about respecting hierarchies or authority figures and is not concerned with moral purity or spiritual elevation","['cares strongly about the well-being of others', 'cares slightly about reciprocity or fairness', 'is not concerned with loyalty to your group', 'cares slightly about respecting hierarchies or authority figures', 'is not concerned with moral purity or spiritual elevation']",12,6,3,3,1
"cares strongly about the well-being of others, cares slightly about reciprocity or fairness, is not concerned with loyalty to your group, is not concerned with respecting hierarchies or authority figures and cares strongly about moral purity or spiritual elevation","['cares strongly about the well-being of others', 'cares slightly about reciprocity or fairness', 'is not concerned with loyalty to your group', 'is not concerned with respecting hierarchies or authority figures', 'cares strongly about moral purity or spiritual elevation']",14,6,3,3,15
"cares strongly about the well-being of others, cares slightly about reciprocity or fairness, is not concerned with loyalty to your group, is not concerned with respecting hierarchies or authority figures and cares slightly about moral purity or spiritual elevation","['cares strongly about the well-being of others', 'cares slightly about reciprocity or fairness', 'is not concerned with loyalty to your group', 'is not concerned with respecting hierarchies or authority figures', 'cares slightly about moral purity or spiritual elevation']",12,6,3,3,6
"cares strongly about the well-being of others, cares slightly about reciprocity or fairness, is not concerned with loyalty to your group, is not concerned with respecting hierarchies or authority figures and is not concerned with moral purity or spiritual elevation","['cares strongly about the well-being of others', 'cares slightly about reciprocity or fairness', 'is not concerned with loyalty to your group', 'is not concerned with respecting hierarchies or authority figures', 'is not concerned with moral purity or spiritual elevation']",12,6,2,1,1
"cares strongly about the well-being of others, is not concerned with reciprocity or fairness, cares strongly about loyalty to your group, cares strongly about respecting hierarchies or authority figures and cares strongly about moral purity or spiritual elevation","['cares strongly about the well-being of others', 'is not concerned with reciprocity or fairness', 'cares strongly about loyalty to your group', 'cares strongly about respecting hierarchies or authority figures', 'cares strongly about moral purity or spiritual elevation']",14,6,14,13,15
"cares strongly about the well-being of others, is not concerned with reciprocity or fairness, cares strongly about loyalty to your group, cares strongly about respecting hierarchies or authority figures and cares slightly about moral purity or spiritual elevation","['cares strongly about the well-being of others', 'is not concerned with reciprocity or fairness', 'cares strongly about loyalty to your group', 'cares strongly about respecting hierarchies or authority figures', 'cares slightly about moral purity or spiritual elevation']",12,3,11,8,7
"cares strongly about the well-being of others, is not concerned with reciprocity or fairness, cares strongly about loyalty to your group, cares strongly about respecting hierarchies or authority figures and is not concerned with moral purity or spiritual elevation","['cares strongly about the well-being of others', 'is not concerned with reciprocity or fairness', 'cares strongly about loyalty to your group', 'cares strongly about respecting hierarchies or authority figures', 'is not concerned with moral purity or spiritual elevation']",9,3,13,10,0
"cares strongly about the well-being of others, is not concerned with reciprocity or fairness, cares strongly about loyalty to your group, cares slightly about respecting hierarchies or authority figures and cares strongly about moral purity or spiritual elevation","['cares strongly about the well-being of others', 'is not concerned with reciprocity or fairness', 'cares strongly about loyalty to your group', 'cares slightly about respecting hierarchies or authority figures', 'cares strongly about moral purity or spiritual elevation']",14,6,12,10,15
"cares strongly about the well-being of others, is not concerned with reciprocity or fairness, cares strongly about loyalty to your group, cares slightly about respecting hierarchies or authority figures and cares slightly about moral purity or spiritual elevation","['cares strongly about the well-being of others', 'is not concerned with reciprocity or fairness', 'cares strongly about loyalty to your group', 'cares slightly about respecting hierarchies or authority figures', 'cares slightly about moral purity or spiritual elevation']",12,6,10,3,3
"cares strongly about the well-being of others, is not concerned with reciprocity or fairness, cares strongly about loyalty to your group, cares slightly about respecting hierarchies or authority figures and is not concerned with moral purity or spiritual elevation","['cares strongly about the well-being of others', 'is not concerned with reciprocity or fairness', 'cares strongly about loyalty to your group', 'cares slightly about respecting hierarchies or authority figures', 'is not concerned with moral purity or spiritual elevation']",12,6,12,3,1
"cares strongly about the well-being of others, is not concerned with reciprocity or fairness, cares strongly about loyalty to your group, is not concerned with respecting hierarchies or authority figures and cares strongly about moral purity or spiritual elevation","['cares strongly about the well-being of others', 'is not concerned with reciprocity or fairness', 'cares strongly about loyalty to your group', 'is not concerned with respecting hierarchies or authority figures', 'cares strongly about moral purity or spiritual elevation']",14,12,12,3,15
"cares strongly about the well-being of others, is not concerned with reciprocity or fairness, cares strongly about loyalty to your group, is not concerned with respecting hierarchies or authority figures and cares slightly about moral purity or spiritual elevation","['cares strongly about the well-being of others', 'is not concerned with reciprocity or fairness', 'cares strongly about loyalty to your group', 'is not concerned with respecting hierarchies or authority figures', 'cares slightly about moral purity or spiritual elevation']",12,6,11,3,6
"cares strongly about the well-being of others, is not concerned with reciprocity or fairness, cares strongly about loyalty to your group, is not concerned with respecting hierarchies or authority figures and is not concerned with moral purity or spiritual elevation","['cares strongly about the well-being of others', 'is not concerned with reciprocity or fairness', 'cares strongly about loyalty to your group', 'is not concerned with respecting hierarchies or authority figures', 'is not concerned with moral purity or spiritual elevation']",13,6,11,3,1
"cares strongly about the well-being of others, is not concerned with reciprocity or fairness, cares slightly about loyalty to your group, cares strongly about respecting hierarchies or authority figures and cares strongly about moral purity or spiritual elevation","['cares strongly about the well-being of others', 'is not concerned with reciprocity or fairness', 'cares slightly about loyalty to your group', 'cares strongly about respecting hierarchies or authority figures', 'cares strongly about moral purity or spiritual elevation']",13,6,3,10,15
"cares strongly about the well-being of others, is not concerned with reciprocity or fairness, cares slightly about loyalty to your group, cares strongly about respecting hierarchies or authority figures and cares slightly about moral purity or spiritual elevation","['cares strongly about the well-being of others', 'is not concerned with reciprocity or fairness', 'cares slightly about loyalty to your group', 'cares strongly about respecting hierarchies or authority figures', 'cares slightly about moral purity or spiritual elevation']",12,3,3,8,5
"cares strongly about the well-being of others, is not concerned with reciprocity or fairness, cares slightly about loyalty to your group, cares strongly about respecting hierarchies or authority figures and is not concerned with moral purity or spiritual elevation","['cares strongly about the well-being of others', 'is not concerned with reciprocity or fairness', 'cares slightly about loyalty to your group', 'cares strongly about respecting hierarchies or authority figures', 'is not concerned with moral purity or spiritual elevation']",12,3,3,7,0
"cares strongly about the well-being of others, is not concerned with reciprocity or fairness, cares slightly about loyalty to your group, cares slightly about respecting hierarchies or authority figures and cares strongly about moral purity or spiritual elevation","['cares strongly about the well-being of others', 'is not concerned with reciprocity or fairness', 'cares slightly about loyalty to your group', 'cares slightly about respecting hierarchies or authority figures', 'cares strongly about moral purity or spiritual elevation']",14,6,4,5,15
"cares strongly about the well-being of others, is not concerned with reciprocity or fairness, cares slightly about loyalty to your group, cares slightly about respecting hierarchies or authority figures and cares slightly about moral purity or spiritual elevation","['cares strongly about the well-being of others', 'is not concerned with reciprocity or fairness', 'cares slightly about loyalty to your group', 'cares slightly about respecting hierarchies or authority figures', 'cares slightly about moral purity or spiritual elevation']",12,6,3,3,3
"cares strongly about the well-being of others, is not concerned with reciprocity or fairness, cares slightly about loyalty to your group, cares slightly about respecting hierarchies or authority figures and is not concerned with moral purity or spiritual elevation","['cares strongly about the well-being of others', 'is not concerned with reciprocity or fairness', 'cares slightly about loyalty to your group', 'cares slightly about respecting hierarchies or authority figures', 'is not concerned with moral purity or spiritual elevation']",13,9,3,3,1
"cares strongly about the well-being of others, is not concerned with reciprocity or fairness, cares slightly about loyalty to your group, is not concerned with respecting hierarchies or authority figures and cares strongly about moral purity or spiritual elevation","['cares strongly about the well-being of others', 'is not concerned with reciprocity or fairness', 'cares slightly about loyalty to your group', 'is not concerned with respecting hierarchies or authority figures', 'cares strongly about moral purity or spiritual elevation']",14,9,4,5,15
"cares strongly about the well-being of others, is not concerned with reciprocity or fairness, cares slightly about loyalty to your group, is not concerned with respecting hierarchies or authority figures and cares slightly about moral purity or spiritual elevation","['cares strongly about the well-being of others', 'is not concerned with reciprocity or fairness', 'cares slightly about loyalty to your group', 'is not concerned with respecting hierarchies or authority figures', 'cares slightly about moral purity or spiritual elevation']",12,6,4,3,6
"cares strongly about the well-being of others, is not concerned with reciprocity or fairness, cares slightly about loyalty to your group, is not concerned with respecting hierarchies or authority figures and is not concerned with moral purity or spiritual elevation","['cares strongly about the well-being of others', 'is not concerned with reciprocity or fairness', 'cares slightly about loyalty to your group', 'is not concerned with respecting hierarchies or authority figures', 'is not concerned with moral purity or spiritual elevation']",12,9,3,3,1
"cares strongly about the well-being of others, is not concerned with reciprocity or fairness, is not concerned with loyalty to your group, cares strongly about respecting hierarchies or authority figures and cares strongly about moral purity or spiritual elevation","['cares strongly about the well-being of others', 'is not concerned with reciprocity or fairness', 'is not concerned with loyalty to your group', 'cares strongly about respecting hierarchies or authority figures', 'cares strongly about moral purity or spiritual elevation']",13,6,3,11,15
"cares strongly about the well-being of others, is not concerned with reciprocity or fairness, is not concerned with loyalty to your group, cares strongly about respecting hierarchies or authority figures and cares slightly about moral purity or spiritual elevation","['cares strongly about the well-being of others', 'is not concerned with reciprocity or fairness', 'is not concerned with loyalty to your group', 'cares strongly about respecting hierarchies or authority figures', 'cares slightly about moral purity or spiritual elevation']",12,3,3,8,6
"cares strongly about the well-being of others, is not concerned with reciprocity or fairness, is not concerned with loyalty to your group, cares strongly about respecting hierarchies or authority figures and is not concerned with moral purity or spiritual elevation","['cares strongly about the well-being of others', 'is not concerned with reciprocity or fairness', 'is not concerned with loyalty to your group', 'cares strongly about respecting hierarchies or authority figures', 'is not concerned with moral purity or spiritual elevation']",12,3,1,7,0
"cares strongly about the well-being of others, is not concerned with reciprocity or fairness, is not concerned with loyalty to your group, cares slightly about respecting hierarchies or authority figures and cares strongly about moral purity or spiritual elevation","['cares strongly about the well-being of others', 'is not concerned with reciprocity or fairness', 'is not concerned with loyalty to your group', 'cares slightly about respecting hierarchies or authority figures', 'cares strongly about moral purity or spiritual elevation']",13,6,3,5,15
"cares strongly about the well-being of others, is not concerned with reciprocity or fairness, is not concerned with loyalty to your group, cares slightly about respecting hierarchies or authority figures and cares slightly about moral purity or spiritual elevation","['cares strongly about the well-being of others', 'is not concerned with reciprocity or fairness', 'is not concerned with loyalty to your group', 'cares slightly about respecting hierarchies or authority figures', 'cares slightly about moral purity or spiritual elevation']",12,6,3,3,3
"cares strongly about the well-being of others, is not concerned with reciprocity or fairness, is not concerned with loyalty to your group, cares slightly about respecting hierarchies or authority figures and is not concerned with moral purity or spiritual elevation","['cares strongly about the well-being of others', 'is not concerned with reciprocity or fairness', 'is not concerned with loyalty to your group', 'cares slightly about respecting hierarchies or authority figures', 'is not concerned with moral purity or spiritual elevation']",12,6,3,3,1
"cares strongly about the well-being of others, is not concerned with reciprocity or fairness, is not concerned with loyalty to your group, is not concerned with respecting hierarchies or authority figures and cares strongly about moral purity or spiritual elevation","['cares strongly about the well-being of others', 'is not concerned with reciprocity or fairness', 'is not concerned with loyalty to your group', 'is not concerned with respecting hierarchies or authority figures', 'cares strongly about moral purity or spiritual elevation']",14,9,2,3,15
"cares strongly about the well-being of others, is not concerned with reciprocity or fairness, is not concerned with loyalty to your group, is not concerned with respecting hierarchies or authority figures and cares slightly about moral purity or spiritual elevation","['cares strongly about the well-being of others', 'is not concerned with reciprocity or fairness', 'is not concerned with loyalty to your group', 'is not concerned with respecting hierarchies or authority figures', 'cares slightly about moral purity or spiritual elevation']",12,6,3,3,6
"cares strongly about the well-being of others, is not concerned with reciprocity or fairness, is not concerned with loyalty to your group, is not concerned with respecting hierarchies or authority figures and is not concerned with moral purity or spiritual elevation","['cares strongly about the well-being of others', 'is not concerned with reciprocity or fairness', 'is not concerned with loyalty to your group', 'is not concerned with respecting hierarchies or authority figures', 'is not concerned with moral purity or spiritual elevation']",13,9,1,1,1
"cares slightly about the well-being of others, cares strongly about reciprocity or fairness, cares strongly about loyalty to your group, cares strongly about respecting hierarchies or authority figures and cares strongly about moral purity or spiritual elevation","['cares slightly about the well-being of others', 'cares strongly about reciprocity or fairness', 'cares strongly about loyalty to your group', 'cares strongly about respecting hierarchies or authority figures', 'cares strongly about moral purity or spiritual elevation']",8,14,12,11,15
"cares slightly about the well-being of others, cares strongly about reciprocity or fairness, cares strongly about loyalty to your group, cares strongly about respecting hierarchies or authority figures and cares slightly about moral purity or spiritual elevation","['cares slightly about the well-being of others', 'cares strongly about reciprocity or fairness', 'cares strongly about loyalty to your group', 'cares strongly about respecting hierarchies or authority figures', 'cares slightly about moral purity or spiritual elevation']",4,12,11,8,3
"cares slightly about the well-being of others, cares strongly about reciprocity or fairness, cares strongly about loyalty to your group, cares strongly about respecting hierarchies or authority figures and is not concerned with moral purity or spiritual elevation","['cares slightly about the well-being of others', 'cares strongly about reciprocity or fairness', 'cares strongly about loyalty to your group', 'cares strongly about respecting hierarchies or authority figures', 'is not concerned with moral purity or spiritual elevation']",4,14,11,8,1
"cares slightly about the well-being of others, cares strongly about reciprocity or fairness, cares strongly about loyalty to your group, cares slightly about respecting hierarchies or authority figures and cares strongly about moral purity or spiritual elevation","['cares slightly about the well-being of others', 'cares strongly about reciprocity or fairness', 'cares strongly about loyalty to your group', 'cares slightly about respecting hierarchies or authority figures', 'cares strongly about moral purity or spiritual elevation']",9,14,12,10,15
"cares slightly about the well-being of others, cares strongly about reciprocity or fairness, cares strongly about loyalty to your group, cares slightly about respecting hierarchies or authority figures and cares slightly about moral purity or spiritual elevation","['cares slightly about the well-being of others', 'cares strongly about reciprocity or fairness', 'cares strongly about loyalty to your group', 'cares slightly about respecting hierarchies or authority figures', 'cares slightly about moral purity or spiritual elevation']",9,12,9,5,2
"cares slightly about the well-being of others, cares strongly about reciprocity or fairness, cares strongly about loyalty to your group, cares slightly about respecting hierarchies or authority figures and is not concerned with moral purity or spiritual elevation","['cares slightly about the well-being of others', 'cares strongly about reciprocity or fairness', 'cares strongly about loyalty to your group', 'cares slightly about respecting hierarchies or authority figures', 'is not concerned with moral purity or spiritual elevation']",9,13,11,6,1
"cares slightly about the well-being of others, cares strongly about reciprocity or fairness, cares strongly about loyalty to your group, is not concerned with respecting hierarchies or authority figures and cares strongly about moral purity or spiritual elevation","['cares slightly about the well-being of others', 'cares strongly about reciprocity or fairness', 'cares strongly about loyalty to your group', 'is not concerned with respecting hierarchies or authority figures', 'cares strongly about moral purity or spiritual elevation']",9,14,12,6,14
"cares slightly about the well-being of others, cares strongly about reciprocity or fairness, cares strongly about loyalty to your group, is not concerned with respecting hierarchies or authority figures and cares slightly about moral purity or spiritual elevation","['cares slightly about the well-being of others', 'cares strongly about reciprocity or fairness', 'cares strongly about loyalty to your group', 'is not concerned with respecting hierarchies or authority figures', 'cares slightly about moral purity or spiritual elevation']",8,12,10,3,4
"cares slightly about the well-being of others, cares strongly about reciprocity or fairness, cares strongly about loyalty to your group, is not concerned with respecting hierarchies or authority figures and is not concerned with moral purity or spiritual elevation","['cares slightly about the well-being of others', 'cares strongly about reciprocity or fairness', 'cares strongly about loyalty to your group', 'is not concerned with respecting hierarchies or authority figures', 'is not concerned with moral purity or spiritual elevation']",8,14,10,3,1
"cares slightly about the well-being of others, cares strongly about reciprocity or fairness, cares slightly about loyalty to your group, cares strongly about respecting hierarchies or authority figures and cares strongly about moral purity or spiritual elevation","['cares slightly about the well-being of others', 'cares strongly about reciprocity or fairness', 'cares slightly about loyalty to your group', 'cares strongly about respecting hierarchies or authority figures', 'cares strongly about moral purity or spiritual elevation']",7,13,5,11,15
"cares slightly about the well-being of others, cares strongly about reciprocity or fairness, cares slightly about loyalty to your group, cares strongly about respecting hierarchies or authority figures and cares slightly about moral purity or spiritual elevation","['cares slightly about the well-being of others', 'cares strongly about reciprocity or fairness', 'cares slightly about loyalty to your group', 'cares strongly about respecting hierarchies or authority figures', 'cares slightly about moral purity or spiritual elevation']",7,12,3,7,3
"cares slightly about the well-being of others, cares strongly about reciprocity or fairness, cares slightly about loyalty to your group, cares strongly about respecting hierarchies or authority figures and is not concerned with moral purity or spiritual elevation","['cares slightly about the well-being of others', 'cares strongly about reciprocity or fairness', 'cares slightly about loyalty to your group', 'cares strongly about respecting hierarchies or authority figures', 'is not concerned with moral purity or spiritual elevation']",7,13,4,7,1
"cares slightly about the well-being of others, cares strongly about reciprocity or fairness, cares slightly about loyalty to your group, cares slightly about respecting hierarchies or authority figures and cares strongly about moral purity or spiritual elevation","['cares slightly about the well-being of others', 'cares strongly about reciprocity or fairness', 'cares slightly about loyalty to your group', 'cares slightly about respecting hierarchies or authority figures', 'cares strongly about moral purity or spiritual elevation']",7,13,6,6,15
"cares slightly about the well-being of others, cares strongly about reciprocity or fairness, cares slightly about loyalty to your group, cares slightly about respecting hierarchies or authority figures and cares slightly about moral purity or spiritual elevation","['cares slightly about the well-being of others', 'cares strongly about reciprocity or fairness', 'cares slightly about loyalty to your group', 'cares slightly about respecting hierarchies or authority figures', 'cares slightly about moral purity or spiritual elevation']",9,12,6,5,2
"cares slightly about the well-being of others, cares strongly about reciprocity or fairness, cares slightly about loyalty to your group, cares slightly about respecting hierarchies or authority figures and is not concerned with moral purity or spiritual elevation","['cares slightly about the well-being of others', 'cares strongly about reciprocity or fairness', 'cares slightly about loyalty to your group', 'cares slightly about respecting hierarchies or authority figures', 'is not concerned with moral purity or spiritual elevation']",9,12,6,5,1
"cares slightly about the well-being of others, cares strongly about reciprocity or fairness, cares slightly about loyalty to your group, is not concerned with respecting hierarchies or authority figures and cares strongly about moral purity or spiritual elevation","['cares slightly about the well-being of others', 'cares strongly about reciprocity or fairness', 'cares slightly about loyalty to your group', 'is not concerned with respecting hierarchies or authority figures', 'cares strongly about moral purity or spiritual elevation']",9,14,9,3,15
"cares slightly about the well-being of others, cares strongly about reciprocity or fairness, cares slightly about loyalty to your group, is not concerned with respecting hierarchies or authority figures and cares slightly about moral purity or spiritual elevation","['cares slightly about the well-being of others', 'cares strongly about reciprocity or fairness', 'cares slightly about loyalty to your group', 'is not concerned with respecting hierarchies or authority figures', 'cares slightly about moral purity or spiritual elevation']",8,12,8,3,3
"cares slightly about the well-being of others, cares strongly about reciprocity or fairness, cares slightly about loyalty to your group, is not concerned with respecting hierarchies or authority figures and is not concerned with moral purity or spiritual elevation","['cares slightly about the well-being of others', 'cares strongly about reciprocity or fairness', 'cares slightly about loyalty to your group', 'is not concerned with respecting hierarchies or authority figures', 'is not concerned with moral purity or spiritual elevation']",8,12,6,3,1
"cares slightly about the well-being of others, cares strongly about reciprocity or fairness, is not concerned with loyalty to your group, cares strongly about respecting hierarchies or authority figures and cares strongly about moral purity or spiritual elevation","['cares slightly about the well-being of others', 'cares strongly about reciprocity or fairness', 'is not concerned with loyalty to your group', 'cares strongly about respecting hierarchies or authority figures', 'cares strongly about moral purity or spiritual elevation']",7,14,3,11,15
"cares slightly about the well-being of others, cares strongly about reciprocity or fairness, is not concerned with loyalty to your group, cares strongly about respecting hierarchies or authority figures and cares slightly about moral purity or spiritual elevation","['cares slightly about the well-being of others', 'cares strongly about reciprocity or fairness', 'is not concerned with loyalty to your group', 'cares strongly about respecting hierarchies or authority figures', 'cares slightly about moral purity or spiritual elevation']",8,12,3,7,5
"cares slightly about the well-being of others, cares strongly about reciprocity or fairness, is not concerned with loyalty to your group, cares strongly about respecting hierarchies or authority figures and is not concerned with moral purity or spiritual elevation","['cares slightly about the well-being of others', 'cares strongly about reciprocity or fairness', 'is not concerned with loyalty to your group', 'cares strongly about respecting hierarchies or authority figures', 'is not concerned with moral purity or spiritual elevation']",4,14,3,7,1
"cares slightly about the well-being of others, cares strongly about reciprocity or fairness, is not concerned with loyalty to your group, cares slightly about respecting hierarchies or authority figures and cares strongly about moral purity or spiritual elevation","['cares slightly about the well-being of others', 'cares strongly about reciprocity or fairness', 'is not concerned with loyalty to your group', 'cares slightly about respecting hierarchies or authority figures', 'cares strongly about moral purity or spiritual elevation']",7,13,3,6,15
"cares slightly about the well-being of others, cares strongly about reciprocity or fairness, is not concerned with loyalty to your group, cares slightly about respecting hierarchies or authority figures and cares slightly about moral purity or spiritual elevation","['cares slightly about the well-being of others', 'cares strongly about reciprocity or fairness', 'is not concerned with loyalty to your group', 'cares slightly about respecting hierarchies or authority figures', 'cares slightly about moral purity or spiritual elevation']",8,12,3,3,2
"cares slightly about the well-being of others, cares strongly about reciprocity or fairness, is not concerned with loyalty to your group, cares slightly about respecting hierarchies or authority figures and is not concerned with moral purity or spiritual elevation","['cares slightly about the well-being of others', 'cares strongly about reciprocity or fairness', 'is not concerned with loyalty to your group', 'cares slightly about respecting hierarchies or authority figures', 'is not concerned with moral purity or spiritual elevation']",8,12,3,3,1
"cares slightly about the well-being of others, cares strongly about reciprocity or fairness, is not concerned with loyalty to your group, is not concerned with respecting hierarchies or authority figures and cares strongly about moral purity or spiritual elevation","['cares slightly about the well-being of others', 'cares strongly about reciprocity or fairness', 'is not concerned with loyalty to your group', 'is not concerned with respecting hierarchies or authority figures', 'cares strongly about moral purity or spiritual elevation']",9,14,3,3,14
"cares slightly about the well-being of others, cares strongly about reciprocity or fairness, is not concerned with loyalty to your group, is not concerned with respecting hierarchies or authority figures and cares slightly about moral purity or spiritual elevation","['cares slightly about the well-being of others', 'cares strongly about reciprocity or fairness', 'is not concerned with loyalty to your group', 'is not concerned with respecting hierarchies or authority figures', 'cares slightly about moral purity or spiritual elevation']",8,12,3,3,6
"cares slightly about the well-being of others, cares strongly about reciprocity or fairness, is not concerned with loyalty to your group, is not concerned with respecting hierarchies or authority figures and is not concerned with moral purity or spiritual elevation","['cares slightly about the well-being of others', 'cares strongly about reciprocity or fairness', 'is not concerned with loyalty to your group', 'is not concerned with respecting hierarchies or authority figures', 'is not concerned with moral purity or spiritual elevation']",8,14,3,3,1
"cares slightly about the well-being of others, cares slightly about reciprocity or fairness, cares strongly about loyalty to your group, cares strongly about respecting hierarchies or authority figures and cares strongly about moral purity or spiritual elevation","['cares slightly about the well-being of others', 'cares slightly about reciprocity or fairness', 'cares strongly about loyalty to your group', 'cares strongly about respecting hierarchies or authority figures', 'cares strongly about moral purity or spiritual elevation']",4,3,12,10,15
"cares slightly about the well-being of others, cares slightly about reciprocity or fairness, cares strongly about loyalty to your group, cares strongly about respecting hierarchies or authority figures and cares slightly about moral purity or spiritual elevation","['cares slightly about the well-being of others', 'cares slightly about reciprocity or fairness', 'cares strongly about loyalty to your group', 'cares strongly about respecting hierarchies or authority figures', 'cares slightly about moral purity or spiritual elevation']",4,3,12,8,3
"cares slightly about the well-being of others, cares slightly about reciprocity or fairness, cares strongly about loyalty to your group, cares strongly about respecting hierarchies or authority figures and is not concerned with moral purity or spiritual elevation","['cares slightly about the well-being of others', 'cares slightly about reciprocity or fairness', 'cares strongly about loyalty to your group', 'cares strongly about respecting hierarchies or authority figures', 'is not concerned with moral purity or spiritual elevation']",4,3,12,8,1
"cares slightly about the well-being of others, cares slightly about reciprocity or fairness, cares strongly about loyalty to your group, cares slightly about respecting hierarchies or authority figures and cares strongly about moral purity or spiritual elevation","['cares slightly about the well-being of others', 'cares slightly about reciprocity or fairness', 'cares strongly about loyalty to your group', 'cares slightly about respecting hierarchies or authority figures', 'cares strongly about moral purity or spiritual elevation']",7,3,12,7,15
"cares slightly about the well-being of others, cares slightly about reciprocity or fairness, cares strongly about loyalty to your group, cares slightly about respecting hierarchies or authority figures and cares slightly about moral purity or spiritual elevation","['cares slightly about the well-being of others', 'cares slightly about reciprocity or fairness', 'cares strongly about loyalty to your group', 'cares slightly about respecting hierarchies or authority figures', 'cares slightly about moral purity or spiritual elevation']",5,3,11,4,2
"cares slightly about the well-being of others, cares slightly about reciprocity or fairness, cares strongly about loyalty to your group, cares slightly about respecting hierarchies or authority figures and is not concerned with moral purity or spiritual elevation","['cares slightly about the well-being of others', 'cares slightly about reciprocity or fairness', 'cares strongly about loyalty to your group', 'cares slightly about respecting hierarchies or authority figures', 'is not concerned with moral purity or spiritual elevation']",5,3,12,6,1
"cares slightly about the well-being of others, cares slightly about reciprocity or fairness, cares strongly about loyalty to your group, is not concerned with respecting hierarchies or authority figures and cares strongly about moral purity or spiritual elevation","['cares slightly about the well-being of others', 'cares slightly about reciprocity or fairness', 'cares strongly about loyalty to your group', 'is not concerned with respecting hierarchies or authority figures', 'cares strongly about moral purity or spiritual elevation']",8,3,12,7,15
"cares slightly about the well-being of others, cares slightly about reciprocity or fairness, cares strongly about loyalty to your group, is not concerned with respecting hierarchies or authority figures and cares slightly about moral purity or spiritual elevation","['cares slightly about the well-being of others', 'cares slightly about reciprocity or fairness', 'cares strongly about loyalty to your group', 'is not concerned with respecting hierarchies or authority figures', 'cares slightly about moral purity or spiritual elevation']",5,3,11,3,3
"cares slightly about the well-being of others, cares slightly about reciprocity or fairness, cares strongly about loyalty to your group, is not concerned with respecting hierarchies or authority figures and is not concerned with moral purity or spiritual elevation","['cares slightly about the well-being of others', 'cares slightly about reciprocity or fairness', 'cares strongly about loyalty to your group', 'is not concerned with respecting hierarchies or authority figures', 'is not concerned with moral purity or spiritual elevation']",5,3,12,3,1
"cares slightly about the well-being of others, cares slightly about reciprocity or fairness, cares slightly about loyalty to your group, cares strongly about respecting hierarchies or authority figures and cares strongly about moral purity or spiritual elevation","['cares slightly about the well-being of others', 'cares slightly about reciprocity or fairness', 'cares slightly about loyalty to your group', 'cares strongly about respecting hierarchies or authority figures', 'cares strongly about moral purity or spiritual elevation']",7,3,4,11,15
"cares slightly about the well-being of others, cares slightly about reciprocity or fairness, cares slightly about loyalty to your group, cares strongly about respecting hierarchies or authority figures and cares slightly about moral purity or spiritual elevation","['cares slightly about the well-being of others', 'cares slightly about reciprocity or fairness', 'cares slightly about loyalty to your group', 'cares strongly about respecting hierarchies or authority figures', 'cares slightly about moral purity or spiritual elevation']",4,3,3,8,3
"cares slightly about the well-being of others, cares slightly about reciprocity or fairness, cares slightly about loyalty to your group, cares strongly about respecting hierarchies or authority figures and is not concerned with moral purity or spiritual elevation","['cares slightly about the well-being of others', 'cares slightly about reciprocity or fairness', 'cares slightly about loyalty to your group', 'cares strongly about respecting hierarchies or authority figures', 'is not concerned with moral purity or spiritual elevation']",5,3,5,8,1
"cares slightly about the well-being of others, cares slightly about reciprocity or fairness, cares slightly about loyalty to your group, cares slightly about respecting hierarchies or authority figures and cares strongly about moral purity or spiritual elevation","['cares slightly about the well-being of others', 'cares slightly about reciprocity or fairness', 'cares slightly about loyalty to your group', 'cares slightly about respecting hierarchies or authority figures', 'cares strongly about moral purity or spiritual elevation']",7,3,3,7,15
"cares slightly about the well-being of others, cares slightly about reciprocity or fairness, cares slightly about loyalty to your group, cares slightly about respecting hierarchies or authority figures and cares slightly about moral purity or spiritual elevation","['cares slightly about the well-being of others', 'cares slightly about reciprocity or fairness', 'cares slightly about loyalty to your group', 'cares slightly about respecting hierarchies or authority figures', 'cares slightly about moral purity or spiritual elevation']",7,5,6,4,5
"cares slightly about the well-being of others, cares slightly about reciprocity or fairness, cares slightly about loyalty to your group, cares slightly about respecting hierarchies or authority figures and is not concerned with moral purity or spiritual elevation","['cares slightly about the well-being of others', 'cares slightly about reciprocity or fairness', 'cares slightly about loyalty to your group', 'cares slightly about respecting hierarchies or authority figures', 'is not concerned with moral purity or spiritual elevation']",7,5,4,3,1
"cares slightly about the well-being of others, cares slightly about reciprocity or fairness, cares slightly about loyalty to your group, is not concerned with respecting hierarchies or authority figures and cares strongly about moral purity or spiritual elevation","['cares slightly about the well-being of others', 'cares slightly about reciprocity or fairness', 'cares slightly about loyalty to your group', 'is not concerned with respecting hierarchies or authority figures', 'cares strongly about moral purity or spiritual elevation']",9,3,4,5,15
"cares slightly about the well-being of others, cares slightly about reciprocity or fairness, cares slightly about loyalty to your group, is not concerned with respecting hierarchies or authority figures and cares slightly about moral purity or spiritual elevation","['cares slightly about the well-being of others', 'cares slightly about reciprocity or fairness', 'cares slightly about loyalty to your group', 'is not concerned with respecting hierarchies or authority figures', 'cares slightly about moral purity or spiritual elevation']",7,5,5,3,5
"cares slightly about the well-being of others, cares slightly about reciprocity or fairness, cares slightly about loyalty to your group, is not concerned with respecting hierarchies or authority figures and is not concerned with moral purity or spiritual elevation","['cares slightly about the well-being of others', 'cares slightly about reciprocity or fairness', 'cares slightly about loyalty to your group', 'is not concerned with respecting hierarchies or authority figures', 'is not concerned with moral purity or spiritual elevation']",5,4,4,2,1
"cares slightly about the well-being of others, cares slightly about reciprocity or fairness, is not concerned with loyalty to your group, cares strongly about respecting hierarchies or authority figures and cares strongly about moral purity or spiritual elevation","['cares slightly about the well-being of others', 'cares slightly about reciprocity or fairness', 'is not concerned with loyalty to your group', 'cares strongly about respecting hierarchies or authority figures', 'cares strongly about moral purity or spiritual elevation']",4,3,3,12,15
"cares slightly about the well-being of others, cares slightly about reciprocity or fairness, is not concerned with loyalty to your group, cares strongly about respecting hierarchies or authority figures and cares slightly about moral purity or spiritual elevation","['cares slightly about the well-being of others', 'cares slightly about reciprocity or fairness', 'is not concerned with loyalty to your group', 'cares strongly about respecting hierarchies or authority figures', 'cares slightly about moral purity or spiritual elevation']",5,3,3,8,3
"cares slightly about the well-being of others, cares slightly about reciprocity or fairness, is not concerned with loyalty to your group, cares strongly about respecting hierarchies or authority figures and is not concerned with moral purity or spiritual elevation","['cares slightly about the well-being of others', 'cares slightly about reciprocity or fairness', 'is not concerned with loyalty to your group', 'cares strongly about respecting hierarchies or authority figures', 'is not concerned with moral purity or spiritual elevation']",5,3,3,7,1
"cares slightly about the well-being of others, cares slightly about reciprocity or fairness, is not concerned with loyalty to your group, cares slightly about respecting hierarchies or authority figures and cares strongly about moral purity or spiritual elevation","['cares slightly about the well-being of others', 'cares slightly about reciprocity or fairness', 'is not concerned with loyalty to your group', 'cares slightly about respecting hierarchies or authority figures', 'cares strongly about moral purity or spiritual elevation']",7,3,3,3,15
"cares slightly about the well-being of others, cares slightly about reciprocity or fairness, is not concerned with loyalty to your group, cares slightly about respecting hierarchies or authority figures and cares slightly about moral purity or spiritual elevation","['cares slightly about the well-being of others', 'cares slightly about reciprocity or fairness', 'is not concerned with loyalty to your group', 'cares slightly about respecting hierarchies or authority figures', 'cares slightly about moral purity or spiritual elevation']",7,5,3,3,3
"cares slightly about the well-being of others, cares slightly about reciprocity or fairness, is not concerned with loyalty to your group, cares slightly about respecting hierarchies or authority figures and is not concerned with moral purity or spiritual elevation","['cares slightly about the well-being of others', 'cares slightly about reciprocity or fairness', 'is not concerned with loyalty to your group', 'cares slightly about respecting hierarchies or authority figures', 'is not concerned with moral purity or spiritual elevation']",5,5,3,3,1
"cares slightly about the well-being of others, cares slightly about reciprocity or fairness, is not concerned with loyalty to your group, is not concerned with respecting hierarchies or authority figures and cares strongly about moral purity or spiritual elevation","['cares slightly about the well-being of others', 'cares slightly about reciprocity or fairness', 'is not concerned with loyalty to your group', 'is not concerned with respecting hierarchies or authority figures', 'cares strongly about moral purity or spiritual elevation']",8,3,3,3,15
"cares slightly about the well-being of others, cares slightly about reciprocity or fairness, is not concerned with loyalty to your group, is not concerned with respecting hierarchies or authority figures and cares slightly about moral purity or spiritual elevation","['cares slightly about the well-being of others', 'cares slightly about reciprocity or fairness', 'is not concerned with loyalty to your group', 'is not concerned with respecting hierarchies or authority figures', 'cares slightly about moral purity or spiritual elevation']",7,5,3,3,5
"cares slightly about the well-being of others, cares slightly about reciprocity or fairness, is not concerned with loyalty to your group, is not concerned with respecting hierarchies or authority figures and is not concerned with moral purity or spiritual elevation","['cares slightly about the well-being of others', 'cares slightly about reciprocity or fairness', 'is not concerned with loyalty to your group', 'is not concerned with respecting hierarchies or authority figures', 'is not concerned with moral purity or spiritual elevation']",5,3,3,3,1
"cares slightly about the well-being of others, is not concerned with reciprocity or fairness, cares strongly about loyalty to your group, cares strongly about respecting hierarchies or authority figures and cares strongly about moral purity or spiritual elevation","['cares slightly about the well-being of others', 'is not concerned with reciprocity or fairness', 'cares strongly about loyalty to your group', 'cares strongly about respecting hierarchies or authority figures', 'cares strongly about moral purity or spiritual elevation']",4,3,12,10,15
"cares slightly about the well-being of others, is not concerned with reciprocity or fairness, cares strongly about loyalty to your group, cares strongly about respecting hierarchies or authority figures and cares slightly about moral purity or spiritual elevation","['cares slightly about the well-being of others', 'is not concerned with reciprocity or fairness', 'cares strongly about loyalty to your group', 'cares strongly about respecting hierarchies or authority figures', 'cares slightly about moral purity or spiritual elevation']",5,3,11,8,6
"cares slightly about the well-being of others, is not concerned with reciprocity or fairness, cares strongly about loyalty to your group, cares strongly about respecting hierarchies or authority figures and is not concerned with moral purity or spiritual elevation","['cares slightly about the well-being of others', 'is not concerned with reciprocity or fairness', 'cares strongly about loyalty to your group', 'cares strongly about respecting hierarchies or authority figures', 'is not concerned with moral purity or spiritual elevation']",4,3,12,8,0
"cares slightly about the well-being of others, is not concerned with reciprocity or fairness, cares strongly about loyalty to your group, cares slightly about respecting hierarchies or authority figures and cares strongly about moral purity or spiritual elevation","['cares slightly about the well-being of others', 'is not concerned with reciprocity or fairness', 'cares strongly about loyalty to your group', 'cares slightly about respecting hierarchies or authority figures', 'cares strongly about moral purity or spiritual elevation']",7,3,12,7,15
"cares slightly about the well-being of others, is not concerned with reciprocity or fairness, cares strongly about loyalty to your group, cares slightly about respecting hierarchies or authority figures and cares slightly about moral purity or spiritual elevation","['cares slightly about the well-being of others', 'is not concerned with reciprocity or fairness', 'cares strongly about loyalty to your group', 'cares slightly about respecting hierarchies or authority figures', 'cares slightly about moral purity or spiritual elevation']",5,3,11,4,3
"cares slightly about the well-being of others, is not concerned with reciprocity or fairness, cares strongly about loyalty to your group, cares slightly about respecting hierarchies or authority figures and is not concerned with moral purity or spiritual elevation","['cares slightly about the well-being of others', 'is not concerned with reciprocity or fairness', 'cares strongly about loyalty to your group', 'cares slightly about respecting hierarchies or authority figures', 'is not concerned with moral purity or spiritual elevation']",5,3,11,3,1
"cares slightly about the well-being of others, is not concerned with reciprocity or fairness, cares strongly about loyalty to your group, is not concerned with respecting hierarchies or authority figures and cares strongly about moral purity or spiritual elevation","['cares slightly about the well-being of others', 'is not concerned with reciprocity or fairness', 'cares strongly about loyalty to your group', 'is not concerned with respecting hierarchies or authority figures', 'cares strongly about moral purity or spiritual elevation']",8,3,12,3,15
"cares slightly about the well-being of others, is not concerned with reciprocity or fairness, cares strongly about loyalty to your group, is not concerned with respecting hierarchies or authority figures and cares slightly about moral purity or spiritual elevation","['cares slightly about the well-being of others', 'is not concerned with reciprocity or fairness', 'cares strongly about loyalty to your group', 'is not concerned with respecting hierarchies or authority figures', 'cares slightly about moral purity or spiritual elevation']",5,3,11,3,6
"cares slightly about the well-being of others, is not concerned with reciprocity or fairness, cares strongly about loyalty to your group, is not concerned with respecting hierarchies or authority figures and is not concerned with moral purity or spiritual elevation","['cares slightly about the well-being of others', 'is not concerned with reciprocity or fairness', 'cares strongly about loyalty to your group', 'is not concerned with respecting hierarchies or authority figures', 'is not concerned with moral purity or spiritual elevation']",5,3,12,3,1
"cares slightly about the well-being of others, is not concerned with reciprocity or fairness, cares slightly about loyalty to your group, cares strongly about respecting hierarchies or authority figures and cares strongly about moral purity or spiritual elevation","['cares slightly about the well-being of others', 'is not concerned with reciprocity or fairness', 'cares slightly about loyalty to your group', 'cares strongly about respecting hierarchies or authority figures', 'cares strongly about moral purity or spiritual elevation']",4,3,4,11,15
"cares slightly about the well-being of others, is not concerned with reciprocity or fairness, cares slightly about loyalty to your group, cares strongly about respecting hierarchies or authority figures and cares slightly about moral purity or spiritual elevation","['cares slightly about the well-being of others', 'is not concerned with reciprocity or fairness', 'cares slightly about loyalty to your group', 'cares strongly about respecting hierarchies or authority figures', 'cares slightly about moral purity or spiritual elevation']",5,3,3,8,6
"cares slightly about the well-being of others, is not concerned with reciprocity or fairness, cares slightly about loyalty to your group, cares strongly about respecting hierarchies or authority figures and is not concerned with moral purity or spiritual elevation","['cares slightly about the well-being of others', 'is not concerned with reciprocity or fairness', 'cares slightly about loyalty to your group', 'cares strongly about respecting hierarchies or authority figures', 'is not concerned with moral purity or spiritual elevation']",5,3,3,7,1
"cares slightly about the well-being of others, is not concerned with reciprocity or fairness, cares slightly about loyalty to your group, cares slightly about respecting hierarchies or authority figures and cares strongly about moral purity or spiritual elevation","['cares slightly about the well-being of others', 'is not concerned with reciprocity or fairness', 'cares slightly about loyalty to your group', 'cares slightly about respecting hierarchies or authority figures', 'cares strongly about moral purity or spiritual elevation']",7,3,5,4,15
"cares slightly about the well-being of others, is not concerned with reciprocity or fairness, cares slightly about loyalty to your group, cares slightly about respecting hierarchies or authority figures and cares slightly about moral purity or spiritual elevation","['cares slightly about the well-being of others', 'is not concerned with reciprocity or fairness', 'cares slightly about loyalty to your group', 'cares slightly about respecting hierarchies or authority figures', 'cares slightly about moral purity or spiritual elevation']",5,3,6,4,6
"cares slightly about the well-being of others, is not concerned with reciprocity or fairness, cares slightly about loyalty to your group, cares slightly about respecting hierarchies or authority figures and is not concerned with moral purity or spiritual elevation","['cares slightly about the well-being of others', 'is not concerned with reciprocity or fairness', 'cares slightly about loyalty to your group', 'cares slightly about respecting hierarchies or authority figures', 'is not concerned with moral purity or spiritual elevation']",5,3,5,3,1
"cares slightly about the well-being of others, is not concerned with reciprocity or fairness, cares slightly about loyalty to your group, is not concerned with respecting hierarchies or authority figures and cares strongly about moral purity or spiritual elevation","['cares slightly about the well-being of others', 'is not concerned with reciprocity or fairness', 'cares slightly about loyalty to your group', 'is not concerned with respecting hierarchies or authority figures', 'cares strongly about moral purity or spiritual elevation']",9,3,4,5,15
"cares slightly about the well-being of others, is not concerned with reciprocity or fairness, cares slightly about loyalty to your group, is not concerned with respecting hierarchies or authority figures and cares slightly about moral purity or spiritual elevation","['cares slightly about the well-being of others', 'is not concerned with reciprocity or fairness', 'cares slightly about loyalty to your group', 'is not concerned with respecting hierarchies or authority figures', 'cares slightly about moral purity or spiritual elevation']",5,3,6,3,6
"cares slightly about the well-being of others, is not concerned with reciprocity or fairness, cares slightly about loyalty to your group, is not concerned with respecting hierarchies or authority figures and is not concerned with moral purity or spiritual elevation","['cares slightly about the well-being of others', 'is not concerned with reciprocity or fairness', 'cares slightly about loyalty to your group', 'is not concerned with respecting hierarchies or authority figures', 'is not concerned with moral purity or spiritual elevation']",5,3,4,3,1
"cares slightly about the well-being of others, is not concerned with reciprocity or fairness, is not concerned with loyalty to your group, cares strongly about respecting hierarchies or authority figures and cares strongly about moral purity or spiritual elevation","['cares slightly about the well-being of others', 'is not concerned with reciprocity or fairness', 'is not concerned with loyalty to your group', 'cares strongly about respecting hierarchies or authority figures', 'cares strongly about moral purity or spiritual elevation']",7,3,3,10,15
"cares slightly about the well-being of others, is not concerned with reciprocity or fairness, is not concerned with loyalty to your group, cares strongly about respecting hierarchies or authority figures and cares slightly about moral purity or spiritual elevation","['cares slightly about the well-being of others', 'is not concerned with reciprocity or fairness', 'is not concerned with loyalty to your group', 'cares strongly about respecting hierarchies or authority figures', 'cares slightly about moral purity or spiritual elevation']",5,3,3,8,6
"cares slightly about the well-being of others, is not concerned with reciprocity or fairness, is not concerned with loyalty to your group, cares strongly about respecting hierarchies or authority figures and is not concerned with moral purity or spiritual elevation","['cares slightly about the well-being of others', 'is not concerned with reciprocity or fairness', 'is not concerned with loyalty to your group', 'cares strongly about respecting hierarchies or authority figures', 'is not concerned with moral purity or spiritual elevation']",4,3,3,7,1
"cares slightly about the well-being of others, is not concerned with reciprocity or fairness, is not concerned with loyalty to your group, cares slightly about respecting hierarchies or authority figures and cares strongly about moral purity or spiritual elevation","['cares slightly about the well-being of others', 'is not concerned with reciprocity or fairness', 'is not concerned with loyalty to your group', 'cares slightly about respecting hierarchies or authority figures', 'cares strongly about moral purity or spiritual elevation']",7,3,3,4,15
"cares slightly about the well-being of others, is not concerned with reciprocity or fairness, is not concerned with loyalty to your group, cares slightly about respecting hierarchies or authority figures and cares slightly about moral purity or spiritual elevation","['cares slightly about the well-being of others', 'is not concerned with reciprocity or fairness', 'is not concerned with loyalty to your group', 'cares slightly about respecting hierarchies or authority figures', 'cares slightly about moral purity or spiritual elevation']",5,3,3,4,6
"cares slightly about the well-being of others, is not concerned with reciprocity or fairness, is not concerned with loyalty to your group, cares slightly about respecting hierarchies or authority figures and is not concerned with moral purity or spiritual elevation","['cares slightly about the well-being of others', 'is not concerned with reciprocity or fairness', 'is not concerned with loyalty to your group', 'cares slightly about respecting hierarchies or authority figures', 'is not concerned with moral purity or spiritual elevation']",5,3,3,3,1
"cares slightly about the well-being of others, is not concerned with reciprocity or fairness, is not concerned with loyalty to your group, is not concerned with respecting hierarchies or authority figures and cares strongly about moral purity or spiritual elevation","['cares slightly about the well-being of others', 'is not concerned with reciprocity or fairness', 'is not concerned with loyalty to your group', 'is not concerned with respecting hierarchies or authority figures', 'cares strongly about moral purity or spiritual elevation']",8,3,3,3,15
"cares slightly about the well-being of others, is not concerned with reciprocity or fairness, is not concerned with loyalty to your group, is not concerned with respecting hierarchies or authority figures and cares slightly about moral purity or spiritual elevation","['cares slightly about the well-being of others', 'is not concerned with reciprocity or fairness', 'is not concerned with loyalty to your group', 'is not concerned with respecting hierarchies or authority figures', 'cares slightly about moral purity or spiritual elevation']",7,3,3,3,6
"cares slightly about the well-being of others, is not concerned with reciprocity or fairness, is not concerned with loyalty to your group, is not concerned with respecting hierarchies or authority figures and is not concerned with moral purity or spiritual elevation","['cares slightly about the well-being of others', 'is not concerned with reciprocity or fairness', 'is not concerned with loyalty to your group', 'is not concerned with respecting hierarchies or authority figures', 'is not concerned with moral purity or spiritual elevation']",5,3,2,1,1
"is not concerned with the well-being of others, cares strongly about reciprocity or fairness, cares strongly about loyalty to your group, cares strongly about respecting hierarchies or authority figures and cares strongly about moral purity or spiritual elevation","['is not concerned with the well-being of others', 'cares strongly about reciprocity or fairness', 'cares strongly about loyalty to your group', 'cares strongly about respecting hierarchies or authority figures', 'cares strongly about moral purity or spiritual elevation']",6,11,12,8,15
"is not concerned with the well-being of others, cares strongly about reciprocity or fairness, cares strongly about loyalty to your group, cares strongly about respecting hierarchies or authority figures and cares slightly about moral purity or spiritual elevation","['is not concerned with the well-being of others', 'cares strongly about reciprocity or fairness', 'cares strongly about loyalty to your group', 'cares strongly about respecting hierarchies or authority figures', 'cares slightly about moral purity or spiritual elevation']",3,9,9,8,6
"is not concerned with the well-being of others, cares strongly about reciprocity or fairness, cares strongly about loyalty to your group, cares strongly about respecting hierarchies or authority figures and is not concerned with moral purity or spiritual elevation","['is not concerned with the well-being of others', 'cares strongly about reciprocity or fairness', 'cares strongly about loyalty to your group', 'cares strongly about respecting hierarchies or authority figures', 'is not concerned with moral purity or spiritual elevation']",2,11,12,8,0
"is not concerned with the well-being of others, cares strongly about reciprocity or fairness, cares strongly about loyalty to your group, cares slightly about respecting hierarchies or authority figures and cares strongly about moral purity or spiritual elevation","['is not concerned with the well-being of others', 'cares strongly about reciprocity or fairness', 'cares strongly about loyalty to your group', 'cares slightly about respecting hierarchies or authority figures', 'cares strongly about moral purity or spiritual elevation']",6,13,11,6,15
"is not concerned with the well-being of others, cares strongly about reciprocity or fairness, cares strongly about loyalty to your group, cares slightly about respecting hierarchies or authority figures and cares slightly about moral purity or spiritual elevation","['is not concerned with the well-being of others', 'cares strongly about reciprocity or fairness', 'cares strongly about loyalty to your group', 'cares slightly about respecting hierarchies or authority figures', 'cares slightly about moral purity or spiritual elevation']",3,9,9,3,2
"is not concerned with the well-being of others, cares strongly about reciprocity or fairness, cares strongly about loyalty to your group, cares slightly about respecting hierarchies or authority figures and is not concerned with moral purity or spiritual elevation","['is not concerned with the well-being of others', 'cares strongly about reciprocity or fairness', 'cares strongly about loyalty to your group', 'cares slightly about respecting hierarchies or authority figures', 'is not concerned with moral purity or spiritual elevation']",2,13,10,5,0
"is not concerned with the well-being of others, cares strongly about reciprocity or fairness, cares strongly about loyalty to your group, is not concerned with respecting hierarchies or authority figures and cares strongly about moral purity or spiritual elevation","['is not concerned with the well-being of others', 'cares strongly about reciprocity or fairness', 'cares strongly about loyalty to your group', 'is not concerned with respecting hierarchies or authority figures', 'cares strongly about moral purity or spiritual elevation']",7,14,11,7,15
"is not concerned with the well-being of others, cares strongly about reciprocity or fairness, cares strongly about loyalty to your group, is not concerned with respecting hierarchies or authority figures and cares slightly about moral purity or spiritual elevation","['is not concerned with the well-being of others', 'cares strongly about reciprocity or fairness', 'cares strongly about loyalty to your group', 'is not concerned with respecting hierarchies or authority figures', 'cares slightly about moral purity or spiritual elevation']",6,9,9,3,5
"is not concerned with the well-being of others, cares strongly about reciprocity or fairness, cares strongly about loyalty to your group, is not concerned with respecting hierarchies or authority figures and is not concerned with moral purity or spiritual elevation","['is not concerned with the well-being of others', 'cares strongly about reciprocity or fairness', 'cares strongly about loyalty to your group', 'is not concerned with respecting hierarchies or authority figures', 'is not concerned with moral purity or spiritual elevation']",2,14,11,3,1
"is not concerned with the well-being of others, cares strongly about reciprocity or fairness, cares slightly about loyalty to your group, cares strongly about respecting hierarchies or authority figures and cares strongly about moral purity or spiritual elevation","['is not concerned with the well-being of others', 'cares strongly about reciprocity or fairness', 'cares slightly about loyalty to your group', 'cares strongly about respecting hierarchies or authority figures', 'cares strongly about moral purity or spiritual elevation']",6,11,4,8,15
"is not concerned with the well-being of others, cares strongly about reciprocity or fairness, cares slightly about loyalty to your group, cares strongly about respecting hierarchies or authority figures and cares slightly about moral purity or spiritual elevation","['is not concerned with the well-being of others', 'cares strongly about reciprocity or fairness', 'cares slightly about loyalty to your group', 'cares strongly about respecting hierarchies or authority figures', 'cares slightly about moral purity or spiritual elevation']",3,9,4,7,3
"is not concerned with the well-being of others, cares strongly about reciprocity or fairness, cares slightly about loyalty to your group, cares strongly about respecting hierarchies or authority figures and is not concerned with moral purity or spiritual elevation","['is not concerned with the well-being of others', 'cares strongly about reciprocity or fairness', 'cares slightly about loyalty to your group', 'cares strongly about respecting hierarchies or authority figures', 'is not concerned with moral purity or spiritual elevation']",2,11,3,7,0
"is not concerned with the well-being of others, cares strongly about reciprocity or fairness, cares slightly about loyalty to your group, cares slightly about respecting hierarchies or authority figures and cares strongly about moral purity or spiritual elevation","['is not concerned with the well-being of others', 'cares strongly about reciprocity or fairness', 'cares slightly about loyalty to your group', 'cares slightly about respecting hierarchies or authority figures', 'cares strongly about moral purity or spiritual elevation']",5,10,4,3,15
"is not concerned with the well-being of others, cares strongly about reciprocity or fairness, cares slightly about loyalty to your group, cares slightly about respecting hierarchies or authority figures and cares slightly about moral purity or spiritual elevation","['is not concerned with the well-being of others', 'cares strongly about reciprocity or fairness', 'cares slightly about loyalty to your group', 'cares slightly about respecting hierarchies or authority figures', 'cares slightly about moral purity or spiritual elevation']",5,12,5,3,2
"is not concerned with the well-being of others, cares strongly about reciprocity or fairness, cares slightly about loyalty to your group, cares slightly about respecting hierarchies or authority figures and is not concerned with moral purity or spiritual elevation","['is not concerned with the well-being of others', 'cares strongly about reciprocity or fairness', 'cares slightly about loyalty to your group', 'cares slightly about respecting hierarchies or authority figures', 'is not concerned with moral purity or spiritual elevation']",5,13,5,3,0
"is not concerned with the well-being of others, cares strongly about reciprocity or fairness, cares slightly about loyalty to your group, is not concerned with respecting hierarchies or authority figures and cares strongly about moral purity or spiritual elevation","['is not concerned with the well-being of others', 'cares strongly about reciprocity or fairness', 'cares slightly about loyalty to your group', 'is not concerned with respecting hierarchies or authority figures', 'cares strongly about moral purity or spiritual elevation']",6,13,6,3,15
"is not concerned with the well-being of others, cares strongly about reciprocity or fairness, cares slightly about loyalty to your group, is not concerned with respecting hierarchies or authority figures and cares slightly about moral purity or spiritual elevation","['is not concerned with the well-being of others', 'cares strongly about reciprocity or fairness', 'cares slightly about loyalty to your group', 'is not concerned with respecting hierarchies or authority figures', 'cares slightly about moral purity or spiritual elevation']",5,12,5,3,5
"is not concerned with the well-being of others, cares strongly about reciprocity or fairness, cares slightly about loyalty to your group, is not concerned with respecting hierarchies or authority figures and is not concerned with moral purity or spiritual elevation","['is not concerned with the well-being of others', 'cares strongly about reciprocity or fairness', 'cares slightly about loyalty to your group', 'is not concerned with respecting hierarchies or authority figures', 'is not concerned with moral purity or spiritual elevation']",5,13,5,1,1
"is not concerned with the well-being of others, cares strongly about reciprocity or fairness, is not concerned with loyalty to your group, cares strongly about respecting hierarchies or authority figures and cares strongly about moral purity or spiritual elevation","['is not concerned with the well-being of others', 'cares strongly about reciprocity or fairness', 'is not concerned with loyalty to your group', 'cares strongly about respecting hierarchies or authority figures', 'cares strongly about moral purity or spiritual elevation']",5,11,3,8,15
"is not concerned with the well-being of others, cares strongly about reciprocity or fairness, is not concerned with loyalty to your group, cares strongly about respecting hierarchies or authority figures and cares slightly about moral purity or spiritual elevation","['is not concerned with the well-being of others', 'cares strongly about reciprocity or fairness', 'is not concerned with loyalty to your group', 'cares strongly about respecting hierarchies or authority figures', 'cares slightly about moral purity or spiritual elevation']",2,9,3,7,6
"is not concerned with the well-being of others, cares strongly about reciprocity or fairness, is not concerned with loyalty to your group, cares strongly about respecting hierarchies or authority figures and is not concerned with moral purity or spiritual elevation","['is not concerned with the well-being of others', 'cares strongly about reciprocity or fairness', 'is not concerned with loyalty to your group', 'cares strongly about respecting hierarchies or authority figures', 'is not concerned with moral purity or spiritual elevation']",2,10,2,7,0
"is not concerned with the well-being of others, cares strongly about reciprocity or fairness, is not concerned with loyalty to your group, cares slightly about respecting hierarchies or authority figures and cares strongly about moral purity or spiritual elevation","['is not concerned with the well-being of others', 'cares strongly about reciprocity or fairness', 'is not concerned with loyalty to your group', 'cares slightly about respecting hierarchies or authority figures', 'cares strongly about moral purity or spiritual elevation']",5,13,3,3,15
"is not concerned with the well-being of others, cares strongly about reciprocity or fairness, is not concerned with loyalty to your group, cares slightly about respecting hierarchies or authority figures and cares slightly about moral purity or spiritual elevation","['is not concerned with the well-being of others', 'cares strongly about reciprocity or fairness', 'is not concerned with loyalty to your group', 'cares slightly about respecting hierarchies or authority figures', 'cares slightly about moral purity or spiritual elevation']",5,12,3,4,3
"is not concerned with the well-being of others, cares strongly about reciprocity or fairness, is not concerned with loyalty to your group, cares slightly about respecting hierarchies or authority figures and is not concerned with moral purity or spiritual elevation","['is not concerned with the well-being of others', 'cares strongly about reciprocity or fairness', 'is not concerned with loyalty to your group', 'cares slightly about respecting hierarchies or authority figures', 'is not concerned with moral purity or spiritual elevation']",5,13,3,3,1
"is not concerned with the well-being of others, cares strongly about reciprocity or fairness, is not concerned with loyalty to your group, is not concerned with respecting hierarchies or authority figures and cares strongly about moral purity or spiritual elevation","['is not concerned with the well-being of others', 'cares strongly about reciprocity or fairness', 'is not concerned with loyalty to your group', 'is not concerned with respecting hierarchies or authority figures', 'cares strongly about moral purity or spiritual elevation']",6,14,3,3,15
"is not concerned with the well-being of others, cares strongly about reciprocity or fairness, is not concerned with loyalty to your group, is not concerned with respecting hierarchies or authority figures and cares slightly about moral purity or spiritual elevation","['is not concerned with the well-being of others', 'cares strongly about reciprocity or fairness', 'is not concerned with loyalty to your group', 'is not concerned with respecting hierarchies or authority figures', 'cares slightly about moral purity or spiritual elevation']",6,12,3,3,6
"is not concerned with the well-being of others, cares strongly about reciprocity or fairness, is not concerned with loyalty to your group, is not concerned with respecting hierarchies or authority figures and is not concerned with moral purity or spiritual elevation","['is not concerned with the well-being of others', 'cares strongly about reciprocity or fairness', 'is not concerned with loyalty to your group', 'is not concerned with respecting hierarchies or authority figures', 'is not concerned with moral purity or spiritual elevation']",5,14,1,2,1
"is not concerned with the well-being of others, cares slightly about reciprocity or fairness, cares strongly about loyalty to your group, cares strongly about respecting hierarchies or authority figures and cares strongly about moral purity or spiritual elevation","['is not concerned with the well-being of others', 'cares slightly about reciprocity or fairness', 'cares strongly about loyalty to your group', 'cares strongly about respecting hierarchies or authority figures', 'cares strongly about moral purity or spiritual elevation']",3,3,12,10,15
"is not concerned with the well-being of others, cares slightly about reciprocity or fairness, cares strongly about loyalty to your group, cares strongly about respecting hierarchies or authority figures and cares slightly about moral purity or spiritual elevation","['is not concerned with the well-being of others', 'cares slightly about reciprocity or fairness', 'cares strongly about loyalty to your group', 'cares strongly about respecting hierarchies or authority figures', 'cares slightly about moral purity or spiritual elevation']",3,3,11,8,3
"is not concerned with the well-being of others, cares slightly about reciprocity or fairness, cares strongly about loyalty to your group, cares strongly about respecting hierarchies or authority figures and is not concerned with moral purity or spiritual elevation","['is not concerned with the well-being of others', 'cares slightly about reciprocity or fairness', 'cares strongly about loyalty to your group', 'cares strongly about respecting hierarchies or authority figures', 'is not concerned with moral purity or spiritual elevation']",2,3,12,8,0
"is not concerned with the well-being of others, cares slightly about reciprocity or fairness, cares strongly about loyalty to your group, cares slightly about respecting hierarchies or authority figures and cares strongly about moral purity or spiritual elevation","['is not concerned with the well-being of others', 'cares slightly about reciprocity or fairness', 'cares strongly about loyalty to your group', 'cares slightly about respecting hierarchies or authority figures', 'cares strongly about moral purity or spiritual elevation']",3,3,12,7,15
"is not concerned with the well-being of others, cares slightly about reciprocity or fairness, cares strongly about loyalty to your group, cares slightly about respecting hierarchies or authority figures and cares slightly about moral purity or spiritual elevation","['is not concerned with the well-being of others', 'cares slightly about reciprocity or fairness', 'cares strongly about loyalty to your group', 'cares slightly about respecting hierarchies or authority figures', 'cares slightly about moral purity or spiritual elevation']",3,3,10,3,2
"is not concerned with the well-being of others, cares slightly about reciprocity or fairness, cares strongly about loyalty to your group, cares slightly about respecting hierarchies or authority figures and is not concerned with moral purity or spiritual elevation","['is not concerned with the well-being of others', 'cares slightly about reciprocity or fairness', 'cares strongly about loyalty to your group', 'cares slightly about respecting hierarchies or authority figures', 'is not concerned with moral purity or spiritual elevation']",2,3,11,3,0
"is not concerned with the well-being of others, cares slightly about reciprocity or fairness, cares strongly about loyalty to your group, is not concerned with respecting hierarchies or authority figures and cares strongly about moral purity or spiritual elevation","['is not concerned with the well-being of others', 'cares slightly about reciprocity or fairness', 'cares strongly about loyalty to your group', 'is not concerned with respecting hierarchies or authority figures', 'cares strongly about moral purity or spiritual elevation']",2,3,12,3,15
"is not concerned with the well-being of others, cares slightly about reciprocity or fairness, cares strongly about loyalty to your group, is not concerned with respecting hierarchies or authority figures and cares slightly about moral purity or spiritual elevation","['is not concerned with the well-being of others', 'cares slightly about reciprocity or fairness', 'cares strongly about loyalty to your group', 'is not concerned with respecting hierarchies or authority figures', 'cares slightly about moral purity or spiritual elevation']",3,4,10,3,4
"is not concerned with the well-being of others, cares slightly about reciprocity or fairness, cares strongly about loyalty to your group, is not concerned with respecting hierarchies or authority figures and is not concerned with moral purity or spiritual elevation","['is not concerned with the well-being of others', 'cares slightly about reciprocity or fairness', 'cares strongly about loyalty to your group', 'is not concerned with respecting hierarchies or authority figures', 'is not concerned with moral purity or spiritual elevation']",2,3,12,3,0
"is not concerned with the well-being of others, cares slightly about reciprocity or fairness, cares slightly about loyalty to your group, cares strongly about respecting hierarchies or authority figures and cares strongly about moral purity or spiritual elevation","['is not concerned with the well-being of others', 'cares slightly about reciprocity or fairness', 'cares slightly about loyalty to your group', 'cares strongly about respecting hierarchies or authority figures', 'cares strongly about moral purity or spiritual elevation']",3,3,4,8,15
"is not concerned with the well-being of others, cares slightly about reciprocity or fairness, cares slightly about loyalty to your group, cares strongly about respecting hierarchies or authority figures and cares slightly about moral purity or spiritual elevation","['is not concerned with the well-being of others', 'cares slightly about reciprocity or fairness', 'cares slightly about loyalty to your group', 'cares strongly about respecting hierarchies or authority figures', 'cares slightly about moral purity or spiritual elevation']",3,3,3,8,3
"is not concerned with the well-being of others, cares slightly about reciprocity or fairness, cares slightly about loyalty to your group, cares strongly about respecting hierarchies or authority figures and is not concerned with moral purity or spiritual elevation","['is not concerned with the well-being of others', 'cares slightly about reciprocity or fairness', 'cares slightly about loyalty to your group', 'cares strongly about respecting hierarchies or authority figures', 'is not concerned with moral purity or spiritual elevation']",2,3,3,7,0
"is not concerned with the well-being of others, cares slightly about reciprocity or fairness, cares slightly about loyalty to your group, cares slightly about respecting hierarchies or authority figures and cares strongly about moral purity or spiritual elevation","['is not concerned with the well-being of others', 'cares slightly about reciprocity or fairness', 'cares slightly about loyalty to your group', 'cares slightly about respecting hierarchies or authority figures', 'cares strongly about moral purity or spiritual elevation']",6,3,4,3,15
"is not concerned with the well-being of others, cares slightly about reciprocity or fairness, cares slightly about loyalty to your group, cares slightly about respecting hierarchies or authority figures and cares slightly about moral purity or spiritual elevation","['is not concerned with the well-being of others', 'cares slightly about reciprocity or fairness', 'cares slightly about loyalty to your group', 'cares slightly about respecting hierarchies or authority figures', 'cares slightly about moral purity or spiritual elevation']",3,3,4,3,3
"is not concerned with the well-being of others, cares slightly about reciprocity or fairness, cares slightly about loyalty to your group, cares slightly about respecting hierarchies or authority figures and is not concerned with moral purity or spiritual elevation","['is not concerned with the well-being of others', 'cares slightly about reciprocity or fairness', 'cares slightly about loyalty to your group', 'cares slightly about respecting hierarchies or authority figures', 'is not concerned with moral purity or spiritual elevation']",2,3,4,3,1
"is not concerned with the well-being of others, cares slightly about reciprocity or fairness, cares slightly about loyalty to your group, is not concerned with respecting hierarchies or authority figures and cares strongly about moral purity or spiritual elevation","['is not concerned with the well-being of others', 'cares slightly about reciprocity or fairness', 'cares slightly about loyalty to your group', 'is not concerned with respecting hierarchies or authority figures', 'cares strongly about moral purity or spiritual elevation']",7,3,4,3,15
"is not concerned with the well-being of others, cares slightly about reciprocity or fairness, cares slightly about loyalty to your group, is not concerned with respecting hierarchies or authority figures and cares slightly about moral purity or spiritual elevation","['is not concerned with the well-being of others', 'cares slightly about reciprocity or fairness', 'cares slightly about loyalty to your group', 'is not concerned with respecting hierarchies or authority figures', 'cares slightly about moral purity or spiritual elevation']",3,4,4,3,5
"is not concerned with the well-being of others, cares slightly about reciprocity or fairness, cares slightly about loyalty to your group, is not concerned with respecting hierarchies or authority figures and is not concerned with moral purity or spiritual elevation","['is not concerned with the well-being of others', 'cares slightly about reciprocity or fairness', 'cares slightly about loyalty to your group', 'is not concerned with respecting hierarchies or authority figures', 'is not concerned with moral purity or spiritual elevation']",3,3,4,2,1
"is not concerned with the well-being of others, cares slightly about reciprocity or fairness, is not concerned with loyalty to your group, cares strongly about respecting hierarchies or authority figures and cares strongly about moral purity or spiritual elevation","['is not concerned with the well-being of others', 'cares slightly about reciprocity or fairness', 'is not concerned with loyalty to your group', 'cares strongly about respecting hierarchies or authority figures', 'cares strongly about moral purity or spiritual elevation']",2,3,3,8,15
"is not concerned with the well-being of others, cares slightly about reciprocity or fairness, is not concerned with loyalty to your group, cares strongly about respecting hierarchies or authority figures and cares slightly about moral purity or spiritual elevation","['is not concerned with the well-being of others', 'cares slightly about reciprocity or fairness', 'is not concerned with loyalty to your group', 'cares strongly about respecting hierarchies or authority figures', 'cares slightly about moral purity or spiritual elevation']",3,3,3,7,6
"is not concerned with the well-being of others, cares slightly about reciprocity or fairness, is not concerned with loyalty to your group, cares strongly about respecting hierarchies or authority figures and is not concerned with moral purity or spiritual elevation","['is not concerned with the well-being of others', 'cares slightly about reciprocity or fairness', 'is not concerned with loyalty to your group', 'cares strongly about respecting hierarchies or authority figures', 'is not concerned with moral purity or spiritual elevation']",2,3,3,7,0
"is not concerned with the well-being of others, cares slightly about reciprocity or fairness, is not concerned with loyalty to your group, cares slightly about respecting hierarchies or authority figures and cares strongly about moral purity or spiritual elevation","['is not concerned with the well-being of others', 'cares slightly about reciprocity or fairness', 'is not concerned with loyalty to your group', 'cares slightly about respecting hierarchies or authority figures', 'cares strongly about moral purity or spiritual elevation']",2,3,3,3,15
"is not concerned with the well-being of others, cares slightly about reciprocity or fairness, is not concerned with loyalty to your group, cares slightly about respecting hierarchies or authority figures and cares slightly about moral purity or spiritual elevation","['is not concerned with the well-being of others', 'cares slightly about reciprocity or fairness', 'is not concerned with loyalty to your group', 'cares slightly about respecting hierarchies or authority figures', 'cares slightly about moral purity or spiritual elevation']",3,4,3,3,4
"is not concerned with the well-being of others, cares slightly about reciprocity or fairness, is not concerned with loyalty to your group, cares slightly about respecting hierarchies or authority figures and is not concerned with moral purity or spiritual elevation","['is not concerned with the well-being of others', 'cares slightly about reciprocity or fairness', 'is not concerned with loyalty to your group', 'cares slightly about respecting hierarchies or authority figures', 'is not concerned with moral purity or spiritual elevation']",3,4,3,3,1
"is not concerned with the well-being of others, cares slightly about reciprocity or fairness, is not concerned with loyalty to your group, is not concerned with respecting hierarchies or authority figures and cares strongly about moral purity or spiritual elevation","['is not concerned with the well-being of others', 'cares slightly about reciprocity or fairness', 'is not concerned with loyalty to your group', 'is not concerned with respecting hierarchies or authority figures', 'cares strongly about moral purity or spiritual elevation']",6,3,3,3,15
"is not concerned with the well-being of others, cares slightly about reciprocity or fairness, is not concerned with loyalty to your group, is not concerned with respecting hierarchies or authority figures and cares slightly about moral purity or spiritual elevation","['is not concerned with the well-being of others', 'cares slightly about reciprocity or fairness', 'is not concerned with loyalty to your group', 'is not concerned with respecting hierarchies or authority figures', 'cares slightly about moral purity or spiritual elevation']",3,4,3,3,6
"is not concerned with the well-being of others, cares slightly about reciprocity or fairness, is not concerned with loyalty to your group, is not concerned with respecting hierarchies or authority figures and is not concerned with moral purity or spiritual elevation","['is not concerned with the well-being of others', 'cares slightly about reciprocity or fairness', 'is not concerned with loyalty to your group', 'is not concerned with respecting hierarchies or authority figures', 'is not concerned with moral purity or spiritual elevation']",2,3,1,1,1
"is not concerned with the well-being of others, is not concerned with reciprocity or fairness, cares strongly about loyalty to your group, cares strongly about respecting hierarchies or authority figures and cares strongly about moral purity or spiritual elevation","['is not concerned with the well-being of others', 'is not concerned with reciprocity or fairness', 'cares strongly about loyalty to your group', 'cares strongly about respecting hierarchies or authority figures', 'cares strongly about moral purity or spiritual elevation']",3,3,12,10,15
"is not concerned with the well-being of others, is not concerned with reciprocity or fairness, cares strongly about loyalty to your group, cares strongly about respecting hierarchies or authority figures and cares slightly about moral purity or spiritual elevation","['is not concerned with the well-being of others', 'is not concerned with reciprocity or fairness', 'cares strongly about loyalty to your group', 'cares strongly about respecting hierarchies or authority figures', 'cares slightly about moral purity or spiritual elevation']",3,3,11,8,6
"is not concerned with the well-being of others, is not concerned with reciprocity or fairness, cares strongly about loyalty to your group, cares strongly about respecting hierarchies or authority figures and is not concerned with moral purity or spiritual elevation","['is not concerned with the well-being of others', 'is not concerned with reciprocity or fairness', 'cares strongly about loyalty to your group', 'cares strongly about respecting hierarchies or authority figures', 'is not concerned with moral purity or spiritual elevation']",2,3,11,8,0
"is not concerned with the well-being of others, is not concerned with reciprocity or fairness, cares strongly about loyalty to your group, cares slightly about respecting hierarchies or authority figures and cares strongly about moral purity or spiritual elevation","['is not concerned with the well-being of others', 'is not concerned with reciprocity or fairness', 'cares strongly about loyalty to your group', 'cares slightly about respecting hierarchies or authority figures', 'cares strongly about moral purity or spiritual elevation']",2,3,12,5,15
"is not concerned with the well-being of others, is not concerned with reciprocity or fairness, cares strongly about loyalty to your group, cares slightly about respecting hierarchies or authority figures and cares slightly about moral purity or spiritual elevation","['is not concerned with the well-being of others', 'is not concerned with reciprocity or fairness', 'cares strongly about loyalty to your group', 'cares slightly about respecting hierarchies or authority figures', 'cares slightly about moral purity or spiritual elevation']",2,3,11,4,5
"is not concerned with the well-being of others, is not concerned with reciprocity or fairness, cares strongly about loyalty to your group, cares slightly about respecting hierarchies or authority figures and is not concerned with moral purity or spiritual elevation","['is not concerned with the well-being of others', 'is not concerned with reciprocity or fairness', 'cares strongly about loyalty to your group', 'cares slightly about respecting hierarchies or authority figures', 'is not concerned with moral purity or spiritual elevation']",2,3,11,3,0
"is not concerned with the well-being of others, is not concerned with reciprocity or fairness, cares strongly about loyalty to your group, is not concerned with respecting hierarchies or authority figures and cares strongly about moral purity or spiritual elevation","['is not concerned with the well-being of others', 'is not concerned with reciprocity or fairness', 'cares strongly about loyalty to your group', 'is not concerned with respecting hierarchies or authority figures', 'cares strongly about moral purity or spiritual elevation']",7,3,12,3,15
"is not concerned with the well-being of others, is not concerned with reciprocity or fairness, cares strongly about loyalty to your group, is not concerned with respecting hierarchies or authority figures and cares slightly about moral purity or spiritual elevation","['is not concerned with the well-being of others', 'is not concerned with reciprocity or fairness', 'cares strongly about loyalty to your group', 'is not concerned with respecting hierarchies or authority figures', 'cares slightly about moral purity or spiritual elevation']",3,3,12,3,6
"is not concerned with the well-being of others, is not concerned with reciprocity or fairness, cares strongly about loyalty to your group, is not concerned with respecting hierarchies or authority figures and is not concerned with moral purity or spiritual elevation","['is not concerned with the well-being of others', 'is not concerned with reciprocity or fairness', 'cares strongly about loyalty to your group', 'is not concerned with respecting hierarchies or authority figures', 'is not concerned with moral purity or spiritual elevation']",2,3,11,3,1
"is not concerned with the well-being of others, is not concerned with reciprocity or fairness, cares slightly about loyalty to your group, cares strongly about respecting hierarchies or authority figures and cares strongly about moral purity or spiritual elevation","['is not concerned with the well-being of others', 'is not concerned with reciprocity or fairness', 'cares slightly about loyalty to your group', 'cares strongly about respecting hierarchies or authority figures', 'cares strongly about moral purity or spiritual elevation']",2,3,3,8,15
"is not concerned with the well-being of others, is not concerned with reciprocity or fairness, cares slightly about loyalty to your group, cares strongly about respecting hierarchies or authority figures and cares slightly about moral purity or spiritual elevation","['is not concerned with the well-being of others', 'is not concerned with reciprocity or fairness', 'cares slightly about loyalty to your group', 'cares strongly about respecting hierarchies or authority figures', 'cares slightly about moral purity or spiritual elevation']",2,3,4,7,6
"is not concerned with the well-being of others, is not concerned with reciprocity or fairness, cares slightly about loyalty to your group, cares strongly about respecting hierarchies or authority figures and is not concerned with moral purity or spiritual elevation","['is not concerned with the well-being of others', 'is not concerned with reciprocity or fairness', 'cares slightly about loyalty to your group', 'cares strongly about respecting hierarchies or authority figures', 'is not concerned with moral purity or spiritual elevation']",2,3,3,7,0
"is not concerned with the well-being of others, is not concerned with reciprocity or fairness, cares slightly about loyalty to your group, cares slightly about respecting hierarchies or authority figures and cares strongly about moral purity or spiritual elevation","['is not concerned with the well-being of others', 'is not concerned with reciprocity or fairness', 'cares slightly about loyalty to your group', 'cares slightly about respecting hierarchies or authority figures', 'cares strongly about moral purity or spiritual elevation']",1,3,5,4,15
"is not concerned with the well-being of others, is not concerned with reciprocity or fairness, cares slightly about loyalty to your group, cares slightly about respecting hierarchies or authority figures and cares slightly about moral purity or spiritual elevation","['is not concerned with the well-being of others', 'is not concerned with reciprocity or fairness', 'cares slightly about loyalty to your group', 'cares slightly about respecting hierarchies or authority figures', 'cares slightly about moral purity or spiritual elevation']",2,3,6,4,6
"is not concerned with the well-being of others, is not concerned with reciprocity or fairness, cares slightly about loyalty to your group, cares slightly about respecting hierarchies or authority figures and is not concerned with moral purity or spiritual elevation","['is not concerned with the well-being of others', 'is not concerned with reciprocity or fairness', 'cares slightly about loyalty to your group', 'cares slightly about respecting hierarchies or authority figures', 'is not concerned with moral purity or spiritual elevation']",2,3,5,3,0
"is not concerned with the well-being of others, is not concerned with reciprocity or fairness, cares slightly about loyalty to your group, is not concerned with respecting hierarchies or authority figures and cares strongly about moral purity or spiritual elevation","['is not concerned with the well-being of others', 'is not concerned with reciprocity or fairness', 'cares slightly about loyalty to your group', 'is not concerned with respecting hierarchies or authority figures', 'cares strongly about moral purity or spiritual elevation']",6,3,5,3,15
"is not concerned with the well-being of others, is not concerned with reciprocity or fairness, cares slightly about loyalty to your group, is not concerned with respecting hierarchies or authority figures and cares slightly about moral purity or spiritual elevation","['is not concerned with the well-being of others', 'is not concerned with reciprocity or fairness', 'cares slightly about loyalty to your group', 'is not concerned with respecting hierarchies or authority figures', 'cares slightly about moral purity or spiritual elevation']",3,3,7,3,6
"is not concerned with the well-being of others, is not concerned with reciprocity or fairness, cares slightly about loyalty to your group, is not concerned with respecting hierarchies or authority figures and is not concerned with moral purity or spiritual elevation","['is not concerned with the well-being of others', 'is not concerned with reciprocity or fairness', 'cares slightly about loyalty to your group', 'is not concerned with respecting hierarchies or authority figures', 'is not concerned with moral purity or spiritual elevation']",2,3,5,3,1
"is not concerned with the well-being of others, is not concerned with reciprocity or fairness, is not concerned with loyalty to your group, cares strongly about respecting hierarchies or authority figures and cares strongly about moral purity or spiritual elevation","['is not concerned with the well-being of others', 'is not concerned with reciprocity or fairness', 'is not concerned with loyalty to your group', 'cares strongly about respecting hierarchies or authority figures', 'cares strongly about moral purity or spiritual elevation']",1,3,3,7,15
"is not concerned with the well-being of others, is not concerned with reciprocity or fairness, is not concerned with loyalty to your group, cares strongly about respecting hierarchies or authority figures and cares slightly about moral purity or spiritual elevation","['is not concerned with the well-being of others', 'is not concerned with reciprocity or fairness', 'is not concerned with loyalty to your group', 'cares strongly about respecting hierarchies or authority figures', 'cares slightly about moral purity or spiritual elevation']",2,3,3,7,6
"is not concerned with the well-being of others, is not concerned with reciprocity or fairness, is not concerned with loyalty to your group, cares strongly about respecting hierarchies or authority figures and is not concerned with moral purity or spiritual elevation","['is not concerned with the well-being of others', 'is not concerned with reciprocity or fairness', 'is not concerned with loyalty to your group', 'cares strongly about respecting hierarchies or authority figures', 'is not concerned with moral purity or spiritual elevation']",1,2,1,7,0
"is not concerned with the well-being of others, is not concerned with reciprocity or fairness, is not concerned with loyalty to your group, cares slightly about respecting hierarchies or authority figures and cares strongly about moral purity or spiritual elevation","['is not concerned with the well-being of others', 'is not concerned with reciprocity or fairness', 'is not concerned with loyalty to your group', 'cares slightly about respecting hierarchies or authority figures', 'cares strongly about moral purity or spiritual elevation']",6,3,3,5,15
"is not concerned with the well-being of others, is not concerned with reciprocity or fairness, is not concerned with loyalty to your group, cares slightly about respecting hierarchies or authority figures and cares slightly about moral purity or spiritual elevation","['is not concerned with the well-being of others', 'is not concerned with reciprocity or fairness', 'is not concerned with loyalty to your group', 'cares slightly about respecting hierarchies or authority figures', 'cares slightly about moral purity or spiritual elevation']",2,3,3,4,5
"is not concerned with the well-being of others, is not concerned with reciprocity or fairness, is not concerned with loyalty to your group, cares slightly about respecting hierarchies or authority figures and is not concerned with moral purity or spiritual elevation","['is not concerned with the well-being of others', 'is not concerned with reciprocity or fairness', 'is not concerned with loyalty to your group', 'cares slightly about respecting hierarchies or authority figures', 'is not concerned with moral purity or spiritual elevation']",2,2,0,3,0
"is not concerned with the well-being of others, is not concerned with reciprocity or fairness, is not concerned with loyalty to your group, is not concerned with respecting hierarchies or authority figures and cares strongly about moral purity or spiritual elevation","['is not concerned with the well-being of others', 'is not concerned with reciprocity or fairness', 'is not concerned with loyalty to your group', 'is not concerned with respecting hierarchies or authority figures', 'cares strongly about moral purity or spiritual elevation']",6,2,0,1,15
"is not concerned with the well-being of others, is not concerned with reciprocity or fairness, is not concerned with loyalty to your group, is not concerned with respecting hierarchies or authority figures and cares slightly about moral purity or spiritual elevation","['is not concerned with the well-being of others', 'is not concerned with reciprocity or fairness', 'is not concerned with loyalty to your group', 'is not concerned with respecting hierarchies or authority figures', 'cares slightly about moral purity or spiritual elevation']",2,3,2,2,6
"is not concerned with the well-being of others, is not concerned with reciprocity or fairness, is not concerned with loyalty to your group, is not concerned with respecting hierarchies or authority figures and is not concerned with moral purity or spiritual elevation","['is not concerned with the well-being of others', 'is not concerned with reciprocity or fairness', 'is not concerned with loyalty to your group', 'is not concerned with respecting hierarchies or authority figures', 'is not concerned with moral purity or spiritual elevation']",0,0,0,1,0
